対象県（富山/石川/福井）,アンケート回答日,居住都道府県,性別,年代,職業,世帯年収,同伴者,宿泊数（全行程）,宿泊エリア（県外）,宿泊エリア（県内）,宿泊数（県内）,１泊目　宿泊先,１泊目　食事プラン,２泊目　宿泊先,２泊目　食事プラン,３泊目　宿泊先,３泊目　食事プラン,４泊目　宿泊先,４泊目　食事プラン,交通手段１（目的地まで）,交通手段１の満足度,交通手段２（目的地から）,交通手段２の満足度,交通の満足度,来県回数（観光）,エリアへの訪問回数,施設への訪問回数,目的,情報源,Facebook,Google,Googleマップ,Instagram,TikTok,X（旧Twitter）,YouTube,SNS広告,ブログ,まとめサイト,インターネット・アプリ,デジタルニュース,宿泊予約Webサイト,宿泊施設,TV・ラジオ番組やCM,ラブライブのスタンプラリー,新聞・雑誌・ガイドブック,旅行会社,友人・知人,地元の人,観光パンフレット・ポスター,観光案内所,観光展・物産展,観光連盟やDMOのHP,その他,他を検討した？,どこと比較した？（県）,どこと比較した？（観光地）,交通費,飲食費,宿泊費,買い物費,施設orエリア消費総額,観光費,訪問場所,寿司,ます寿司,海の幸食べたか,海の幸感動,満足度（食べ物・料理）,満足度（宿泊施設）,満足度（買い物（工芸品・特産品など））,満足度買い物（観光・体験）,満足度（旅行全体）,満足度（商品・サービス）,満足度理由(サービス),満足度理由,不便に感じたこと・困ったこと,最も幸せを感じた食べ物,最も幸せを感じた観光・体験,おすすめ度,再訪意向,自由意見,回答場所,あなたは石川県への旅行または 当施設 へのお出かけを、どのくらい家族や友人に薦めたいと思いますか。 0（全く薦めたくない）～10（ぜひ薦めたい）でお答えください。,個人情報保護の方針について,アンケート前に訪れた主な場所（施設やスポット名称、エリアなど）,上記名称リストにない場合について、具体的にお答えください。(前),アンケート後に訪れる予定の場所（施設やスポット名称、エリア）,上記名称リストにない場合について、具体的にお答えください。(後),会員ID,登録エリア,生まれ年,回答時の年齢,UA(UserAgent),回答月,回答エリア2,DMO,推奨項目
富山,2025/04/18 00:00:00,福島県,男性,10歳未満,,1: 300万円未満,,日帰り,,,,,,,,,,,,自家用車,,自家用車,,大いに満足,１回目,,,宿でのんびり過ごす,"Instagram, 口コミ（友人・恋人）",0,0,0,1,0,0,0,0,0,0,0,0,0,0,0,0,0,0,1,0,0,0,0,0,0,ある,"福島県, 佐賀県",,"1,000円以上3,000円未満","20,000円以上30,000円未満","30,000円以上40,000円未満",,,"1,000円以上3,000円未満","雨晴海岸岩瀬エリア, 宇奈月温泉",回転寿司店（地元）,駅（売店・自販機など）,紅ズワイガニ,シロエビ,普通,普通,満足,,満足,,,,,,,5,どちらともいえない,,立山町,,,,,,,,,,,,,,,
富山,2025/04/18 00:00:00,茨城県,男性,10歳未満,,5: 2000万円以上,,4泊以上,富山県以外には宿泊しない,,4泊以上,,夕・朝２食付き,,夕・朝２食付き,,夕・朝２食付き,,夕・朝２食付き,自家用車,,レンタカー,,大いに満足,２回目,,,温泉や露天風呂,"TikTok, 口コミ（同僚・同級生）",0,0,0,0,1,0,0,0,0,0,0,0,0,0,0,0,0,0,0,0,0,0,0,0,0,ある,青森県,,"5,000円以上10,000円未満","3,000円以上5,000円未満","3,000円以上5,000円未満",,,"3,000円以上5,000円未満",雨晴海岸岩瀬エリア,居酒屋・レストラン（地元）,駅（売店・自販機など）,ブリ,フクラギ,満足,満足,満足,,大いに満足,,,,,,,5,来年もまた行きたい,,氷見市,,,,,,,,,,,,,,,
富山,2025/04/18 00:00:00,福島県,男性,10歳未満,,1: 300万円未満,,2泊,福井県,,2泊,,夕・朝２食付き,,朝食のみ,,朝食のみ,,夕食のみ,レンタカー,,タクシー,,,６回目,,,移住先や二拠点居住を視察する,"富山県内市町村の観光公式サイト, 富山県観光公式のパンフレット",0,0,0,0,0,0,0,0,0,0,0,0,0,0,0,0,0,0,0,0,0,0,0,1,0,ない,,,"40,000円以上50,000円未満","20,000円以上30,000円未満","5,000円以上10,000円未満",,,"50,000円以上100,000円未満",海王丸パーク,居酒屋・レストラン（地元）,駅（売店・自販機など）,シロエビ,食べていない,満足,大いに満足,不満,,満足,,,,,,,3,富山県在住,,上市町,,,,,,,,,,,,,,,
富山,2025/04/25 00:00:00,富山県,男性,20代,,3: 600〜1000万円,,1泊,石川県,,1泊,,朝食のみ,,,,,,,"新幹線, 在来線",,レンタカー,,満足,６回目,,,"宿でのんびり過ごす, 地元の美味しいものを食べる","Instagram, TikTok, 口コミ（友人・恋人）, 口コミ（同僚・同級生）, テレビ番組, 雑誌の特集記事",0,0,0,1,1,0,0,0,0,0,0,0,0,0,0,0,1,0,1,0,0,0,0,0,0,ある,"石川県, 福井県",,"20,000円以上30,000円未満","10,000円以上20,000円未満","10,000円以上20,000円未満",,,"30,000円以上40,000円未満","海王丸パーク, 富山市ガラス美術館, 富山城, 大谷ウォーク",居酒屋・レストラン（地元）,専門店,"ブリ, シロエビ, 甘エビ, ホタルイカ","ブリ, シロエビ, 甘エビ, ホタルイカ",大いに満足,大いに満足,満足,,大いに満足,,,,,,,9,機会があれば行きたい,,射水市,,,,,,,,,,,,,,,
富山,2025/04/25 00:00:00,富山県,男性,50代,,2: 300〜599万円,,1泊,富山県以外には宿泊しない,,1泊,,朝食のみ,,,,,,,自家用車,,自家用車,,,５回目,,,地元の美味しいものを食べる,"富山県観光公式サイト「とやま観光ナビ」, 富山県内市町村の観光公式サイト, 口コミ（同僚・同級生）",0,0,0,0,0,0,0,0,0,0,0,0,0,0,0,0,0,0,0,0,0,0,0,1,0,ない,,,"10,000円以上20,000円未満","10,000円以上20,000円未満","10,000円以上20,000円未満",,,"10,000円以上20,000円未満",立山黒部アルペンルート,回転寿司店（地元）,回転寿司店（地元）,"ブリ, フクラギ（イナダ、ハマチ）, シロエビ, 甘エビ, ホタルイカ, ゲンゲ",ホタルイカ,大いに満足,大いに満足,大いに満足,,大いに満足,,,食べ物が美味しい,公共交通機関,ホタルイカ,室堂,10,富山県在住,,宿泊先,,,,,,,,,,,,,,,
富山,2025/04/25 00:00:00,愛知県,男性,50代,,3: 600〜1000万円,,1泊,富山県以外には宿泊しない,,1泊,,朝食のみ,,,,,,,自家用車,,自家用車,,,２回目,,,花見や紅葉などの自然鑑賞,"富山県観光公式サイト「とやま観光ナビ」, 富山県内市町村の観光公式サイト, 口コミ（同僚・同級生）",0,0,0,0,0,0,0,0,0,0,0,0,0,0,0,0,0,0,0,0,0,0,0,1,0,ない,,,"40,000円以上50,000円未満","10,000円以上20,000円未満","10,000円以上20,000円未満",,,"10,000円以上20,000円未満","宇奈月温泉, 黒部峡谷鉄道, 黒部ダム, 立山黒部アルペンルート, ほたるいかミュージアム",食べていない,回転寿司店（地元）,"ブリ, 紅ズワイガニ, シロエビ, 甘エビ","ブリ, シロエビ, ホタルイカ",大いに満足,満足,満足,,大いに満足,,,立山は素晴らしい！お酒も美味しい,富山のお酒や食べ物をまとめて食べられるところが星あかり,ホタルイカのじゃぶじゃぶ,雪の大谷,9,来年もまた行きたい,,宿泊先,,,,,,,,,,,,,,,
富山,2025/04/25 00:00:00,東京都,女性,50代,,5: 2000万円以上,,1泊,富山県以外には宿泊しない,,1泊,,夕・朝２食付き,,,,,,,飛行機,,レンタカー,,普通,２回目,,,"宿でのんびり過ごす, 温泉や露天風呂, 地元の美味しいものを食べる","富山県観光公式サイト「とやま観光ナビ」, 宿泊予約Webサイト, 再訪",0,0,0,0,0,0,0,0,0,0,0,0,1,0,0,0,0,0,0,0,0,0,0,1,0,ない,,,"5,000円以上10,000円未満","5,000円以上10,000円未満","30,000円以上40,000円未満",,,使わない,観光なし,回転寿司店（地元）,食べていない,"シロエビ, 甘エビ, ホタルイカ, ゲンゲ","シロエビ, ホタルイカ",満足,大いに満足,満足,,満足,,,期待どおり,なし,宿のごはん,なし,10,来年もまた行きたい,他の観光地のような外国人で溢れるような事は望まない。静かに過ごせるのが気に入っている。,宿泊先,,,,,,,,,,,,,,,
富山,2025/04/25 00:00:00,京都府,男性,70代,,2: 300〜599万円,,2泊,富山県以外には宿泊しない,,2泊,,朝食のみ,,朝食のみ,,,,,自家用車,,自家用車,,,１回目,,,"地元の美味しいものを食べる, 名所、旧跡、寺社仏閣の観光","宿泊予約Webサイト, 旅行ガイドブック",0,0,0,0,0,0,0,0,0,0,0,0,1,0,0,0,1,0,0,0,0,0,0,0,0,ある,新潟県,,"10,000円以上20,000円未満","10,000円以上20,000円未満","5,000円以上10,000円未満",,,"3,000円以上5,000円未満","雨晴海岸, 国宝 高岡山瑞龍寺, 砺波チューリップ公園, 富山市ガラス美術館,",専門店,食べていない,"ブリ, 甘エビ, ホタルイカ, バイガイ","甘エビ, ホタルイカ",満足,大いに満足,普通,,満足,,,食事,,寿司,チューリップ公園,5,機会があれば行きたい,,宿泊先,,,,,,,,,,,,,,,
富山,2025/04/26 00:00:00,富山県,男性,50代,,4: 1000〜2000万円,,1泊,長野県,,1泊,,朝食のみ,,,,,,,自家用車,,自家用車,,,２回目,,,"温泉や露天風呂, 地元の美味しいものを食べる","富山県観光公式サイト「とやま観光ナビ」, 富山県内市町村の観光公式サイト, 口コミ（同僚・同級生）, 富山県観光公式のパンフレット, テレビ番組",0,0,0,0,0,0,0,0,0,0,0,0,0,0,0,0,0,0,0,0,0,0,0,1,0,ない,,,"20,000円以上30,000円未満","10,000円以上20,000円未満","10,000円以上20,000円未満",,,"5,000円以上10,000円未満","立山黒部アルペンルート, ほたるいかミュージアム",専門店,持ち帰り（道の駅・スーパーなど）,"ブリ, シロエビ, ホタルイカ, ゲンゲ",バイガイ,大いに満足,大いに満足,満足,,大いに満足,,,食べ物が美味しい,ありません,海の幸,大谷ウォーク雪の壁,10,富山県在住,夜遅くに。駐車場があるブラックラーメンが食べれるラーメン店がほしい,宿泊先,,,,,,,,,,,,,,,
富山,2025/04/26 00:00:00,大阪府,女性,60代,,6: 無回答,,2泊,富山県以外には宿泊しない,,2泊,,夕・朝２食付き,,食事なし（素泊まり）,,,,,"新幹線, 在来線",,レンタカー,,普通,２回目,,,"地元の美味しいものを食べる, お祭りやイベントへの参加・見物","富山県観光公式サイト「とやま観光ナビ」, 富山県内市町村の観光公式サイト, 宿泊施設のウェブサイト, 旅行ガイドブック",0,0,0,0,0,0,0,0,0,0,0,0,0,1,0,0,1,0,0,0,0,0,0,1,0,ない,,,"50,000円以上100,000円未満","20,000円以上30,000円未満","30,000円以上40,000円未満",,,"1,000円以上3,000円未満","雨晴海岸, 立山黒部アルペンルート, 砺波チューリップ公園, 富山市ガラス美術館, ほたるいかミュージアム",回転寿司店（地元）,食べていない,"シロエビ, 甘エビ, ホタルイカ, ウマヅラハギ","シロエビ, ウマヅラハギ",満足,満足,普通,,満足,,,チューリップがすごく綺麗だったこと、雨晴海岸の景色が良かった事,,お寿司,雨晴海岸,10,機会があれば行きたい,,宿泊先,,,,,,,,,,,,,,,
富山,2025/04/26 00:00:00,大阪府,男性,60代,,2: 300〜599万円,,2泊,富山県以外には宿泊しない,,2泊,,夕・朝２食付き,,食事なし（素泊まり）,,,,,"新幹線, 在来線",,レンタカー,,満足,２回目,,,"地元の美味しいものを食べる, 花見や紅葉などの自然鑑賞","富山県観光公式サイト「とやま観光ナビ」, 富山県内市町村の観光公式サイト, 宿泊予約Webサイト, 旅行会社のパンフレット",0,0,0,0,0,0,0,0,0,0,0,0,1,0,0,0,0,1,0,0,0,0,0,1,0,ない,,,"50,000円以上100,000円未満","20,000円以上30,000円未満","30,000円以上40,000円未満",,,使わない,"雨晴海岸, 立山黒部アルペンルート, 砺波チューリップ公園, 富山市ガラス美術館, ほたるいかミュージアム",回転寿司店（地元）,持ち帰り（道の駅・スーパーなど）,"シロエビ, ホタルイカ, ウマヅラハギ,","シロエビ, ホタルイカ, ウマヅラハギ",大いに満足,大いに満足,大いに満足,,大いに満足,,,自然の景色が美しい,特にありません,白エビ,室堂,10,機会があれば行きたい,思っていた内容で満足してます,宿泊先,,,,,,,,,,,,,,,
富山,2025/04/26 00:00:00,神奈川県,男性,60代,,2: 300〜599万円,,2泊,富山県以外には宿泊しない,,2泊,,夕・朝２食付き,,夕食のみ,,,,,飛行機,,レンタカー,,,１回目,,,"温泉や露天風呂, 地元の美味しいものを食べる, 花見や紅葉などの自然鑑賞","富山県観光公式サイト「とやま観光ナビ」, 富山県内市町村の観光公式サイト, 宿泊予約Webサイト, テレビ番組, 旅行ガイドブック",0,0,0,0,0,0,0,0,0,0,0,0,1,0,0,0,1,0,0,0,0,0,0,1,0,ない,,,"40,000円以上50,000円未満","10,000円以上20,000円未満","20,000円以上30,000円未満",,,"10,000円以上20,000円未満","雨晴海岸, 砺波チューリップ公園, ほたるいかミュージアム",回転寿司店（地元）,専門店,"ブリ, 甘エビ, ホタルイカ, ウマヅラハギ",ホタルイカ,満足,満足,普通,,満足,,,食べ物が美味しかった,特にない,ホタルイカ,砺波チューリップ公園,8,機会があれば行きたい,,宿泊先,,,,,,,,,,,,,,,
富山,2025/04/26 00:00:00,長野県,女性,60代,,2: 300〜599万円,,1泊,富山県以外には宿泊しない,,1泊,,夕・朝２食付き,,,,,,,自家用車,,自家用車,,,１０回目以上,,,地元の美味しいものを食べる,"富山県観光公式サイト「とやま観光ナビ」, 富山県観光公式のパンフレット",0,0,0,0,0,0,0,0,0,0,0,0,0,0,0,0,0,0,0,0,0,0,0,1,0,ない,,,"50,000円以上100,000円未満","20,000円以上30,000円未満","20,000円以上30,000円未満",,,"10,000円以上20,000円未満",岩瀬エリア,専門店,食べていない,"シロエビ, 甘エビ, ホタルイカ",ホタルイカ,大いに満足,大いに満足,普通,,満足,,,料理が美味しい,,,宿のサービス,10,機会があれば行きたい,,,,,,,,,,,,,,,,,
富山,2025/04/26 00:00:00,富山県,男性,40代,,2: 300〜599万円,,1泊,富山県以外には宿泊しない,,1泊,,夕・朝２食付き,,,,,,,自家用車,,自家用車,,大いに満足,１０回目以上,,,宿でのんびり過ごす,"Instagram, YOUTUBE, 富山県観光公式サイト「とやま観光ナビ」, 口コミ（友人・恋人）, 口コミ（家族）",0,0,0,1,0,0,1,0,0,0,0,0,0,0,0,0,0,0,1,0,0,0,0,1,0,ある,石川県,,"100,000円以上","100,000円以上","100,000円以上",,,"10,000円以上20,000円未満",砺波チューリップ公園,食べていない,食べていない,"シロエビ, 甘エビ, バイガイ",バイガイ,大いに満足,大いに満足,普通,,大いに満足,,,良いところです,困りません,バイ貝,ホテル,10,富山県在住,まだまだ混み合ってないので穴場的な富山県　混みすぎるのも嫌だけどもっと知ってほしい,宿泊先,,,,,,,,,,,,,,,
富山,2025/04/26 00:00:00,富山県,男性,20代,,1: 300万円未満,,1泊,石川県,,1泊,,夕・朝２食付き,,,,,,,自家用車,,自家用車,,満足,４回目,,,宿でのんびり過ごす,"宿泊施設のウェブサイト, 口コミ（友人・恋人）",0,0,0,0,0,0,0,0,0,0,0,0,0,1,0,0,0,0,1,0,0,0,0,0,0,ある,"福島県, 東京都, 新潟県, 石川県",,"10,000円以上20,000円未満","5,000円以上10,000円未満","20,000円以上30,000円未満",,,"5,000円以上10,000円未満","あさひ舟川「春の四重奏」, 富岩運河環水公園",居酒屋・レストラン（地元）,食べていない,ブリ,ブリ,大いに満足,普通,普通,,不満,,,混んでいた,,,,6,富山県在住,,黒部市,,,,,,,,,,,,,,,
富山,2025/04/26 00:00:00,愛知県,女性,50代,,1: 300万円未満,,2泊,富山県以外には宿泊しない,,2泊,,朝食のみ,,,,,,,"自家用車, 在来線",,自家用車,,大いに満足,５回目,,,"地元の美味しいものを食べる, 工場の見学・体験, テーマパーク（遊園地、動物園、水族館など）, その他スポーツ（ゴルフ、テニスなど）, ドライブ・ツーリング","X（旧Twitter）, SNS広告, 口コミ（家族）",0,0,0,0,0,1,0,1,0,0,0,0,0,0,0,0,0,0,0,0,0,0,0,0,0,ある,"新潟県, 石川県, 山梨県, 長野県",,"40,000円以上50,000円未満","10,000円以上20,000円未満","10,000円以上20,000円未満",,,"10,000円以上20,000円未満","富山県美術館, 富山市ガラス美術館, 富山城, 富岩運河環水公園, ほたるいかミュージアム",回転寿司店（地元）,回転寿司店（チェーン店）,"ブリ, シロエビ, ホタルイカ, ゲンゲ","甘エビ, ホタルイカ",大いに満足,満足,満足,,大いに満足,,,富山の美味しい魚を食べれた事,商店の夜の閉店時間が早いので繁華街を探して夕食を食べた,ホタルイカ　日本酒,富山富岩運河クルーズ,10,機会があれば行きたい,車を使い片道3.5時間程で 海と山の豊かな自然を満喫し 美味しい魚とお酒が頂ける事に魅力を感じる,上市町,,,,,,,,,,,,,,,
富山,2025/04/26 00:00:00,富山県,女性,10代,,3: 600〜1000万円,,日帰り,,,,,,,,,,,,自家用車,,自家用車,,,１０回目以上,,,地元の美味しいものを食べる,"X（旧Twitter）, 富山県観光公式サイト「とやま観光ナビ」, 口コミ（同僚・同級生）",0,0,0,0,0,1,0,0,0,0,0,0,0,0,0,0,0,0,0,0,0,0,0,1,0,ない,,,"1,000円以上3,000円未満","1,000円以上3,000円未満",使わない,,,使わない,"雨晴海岸, 砺波チューリップ公園, 富岩運河環水公園, ほたるいかミュージアム",食べていない,食べていない,"フクラギ（イナダ、ハマチ）, 甘エビ",甘エビ,大いに満足,大いに満足,大いに満足,,大いに満足,,,海鮮が美味しかった,,海鮮丼,,10,富山県在住,いいものいっぱいあるんだからもっと宣伝に力を入れて欲しい,氷見市,,,,,,,,,,,,,,,
富山,2025/04/26 00:00:00,富山県,女性,50代,,3: 600〜1000万円,,日帰り,,,,,,,,,,,,自家用車,,"自家用車, 在来線・私鉄・路面電車",,普通,１０回目以上,,,地元の美味しいものを食べる,"富山県観光公式サイト「とやま観光ナビ」, 富山県内市町村の観光公式サイト, 口コミ（同僚・同級生）",0,0,0,0,0,0,0,0,0,0,0,0,0,0,0,0,0,0,0,0,0,0,0,1,0,ある,"石川県, 静岡県, 京都府",,"5,000円以上10,000円未満","3,000円以上5,000円未満","10,000円以上20,000円未満",,,"1,000円以上3,000円未満","雨晴海岸, 国宝 高岡山瑞龍寺, 高岡大仏",回転寿司店（地元）,食べていない,"フクラギ（イナダ、ハマチ）, シロエビ, ホタルイカ","シロエビ, 甘エビ, ホタルイカ",満足,満足,普通,,普通,,,,,氷見牛,氷見牛,8,富山県在住,,氷見市,,,,,,,,,,,,,,,
富山,2025/04/26 00:00:00,富山県,男性,80歳以上,,2: 300〜599万円,,1泊,富山県以外には宿泊しない,,1泊,,夕・朝２食付き,,,,,,,県外から訪れていない（富山県在住）,,自家用車,,,３回目,,,"宿でのんびり過ごす, 温泉や露天風呂, 地元の美味しいものを食べる","宿泊施設のウェブサイト, 口コミ（友人・恋人）, 口コミ（家族）",0,0,0,0,0,0,0,0,0,0,0,0,0,1,0,0,0,0,1,0,0,0,0,0,0,ない,,,使わない,"1,000円未満","10,000円以上20,000円未満",,,使わない,"雨晴海岸, 番屋街",食べていない,食べていない,"シロエビ, 甘エビ, ホタルイカ",シロエビ,満足,満足,普通,,満足,,,値段が相応,なし,刺身,,5,機会があれば行きたい,,宿泊先,,,,,,,,,,,,,,,
富山,2025/04/26 00:00:00,愛知県,男性,50代,,3: 600〜1000万円,,2泊,富山県以外には宿泊しない,,2泊,,食事なし（素泊まり）,,朝食のみ,,,,,自家用車,,在来線・私鉄・路面電車,,,２回目,,,"地元の美味しいものを食べる, 名所、旧跡、寺社仏閣の観光, 買い物（工芸品・特産品など）, お祭りやイベントへの参加・見物, ドライブ・ツーリング","Instagram, 富山県観光公式サイト「とやま観光ナビ」, 宿泊施設のウェブサイト, 富山県観光公式のパンフレット",0,0,0,1,0,0,0,0,0,0,0,0,0,1,0,0,0,0,0,0,0,0,0,1,0,ない,,,"1,000円以上3,000円未満","30,000円以上40,000円未満","10,000円以上20,000円未満",,,"5,000円以上10,000円未満","岩瀬エリア, 雨晴海岸, 宇奈月温泉, 黒部峡谷鉄道, 新湊大橋, 富山市ガラス美術館",居酒屋・レストラン（地元）,食べていない,"シロエビ, ホタルイカ, ウマヅラハギ",ホタルイカ,大いに満足,普通,満足,,大いに満足,,,日石寺の千巖渓がすごく良かった。,特に無し,ホタルイカの沖漬け,日石寺,8,来年もまた行きたい,観光客が多過ぎないのがとても良い,上市町,,,,,,,,,,,,,,,
富山,2025/04/26 00:00:00,愛知県,女性,20代,,6: 無回答,,1泊,富山県以外には宿泊しない,,1泊,,夕・朝２食付き,,,,,,,自家用車,,自家用車,,,１０回目以上,,,"宿でのんびり過ごす, 地元の美味しいものを食べる","知人, 口コミ（家族）",0,0,0,0,0,0,0,0,0,0,0,0,0,0,0,0,0,0,1,0,0,0,0,0,0,ない,,,使わない,"3,000円以上5,000円未満","10,000円以上20,000円未満",,,使わない,ほたるいかミュージアム,食べていない,食べていない,"甘エビ, ホタルイカ","甘エビ, ホタルイカ",大いに満足,大いに満足,普通,,大いに満足,,,ご飯が美味しい,,貝,,10,来年もまた行きたい,,宿泊先,,,,,,,,,,,,,,,
富山,2025/04/26 00:00:00,東京都,男性,10代,,1: 300万円未満,,1泊,新潟県,,1泊,,夕食のみ,,,,,,,新幹線,,"レンタカー, 徒歩",,大いに満足,１回目,,,"宿でのんびり過ごす, 温泉や露天風呂, 地元の美味しいものを食べる, 買い物（工芸品・特産品など）, 趣味を満喫、推し活（好きなアイドル・アニメなどを）応援する, 自己成長のために、新しいこと・初めてのことを体験する","富山県観光公式サイト「とやま観光ナビ」, 富山県内市町村の観光公式サイト, 宿泊施設のウェブサイト, 富山県観光公式のパンフレット",0,0,0,0,0,0,0,0,0,0,0,0,0,1,0,0,0,0,0,0,0,0,0,1,0,ある,新潟県,,"30,000円以上40,000円未満","10,000円以上20,000円未満","100,000円以上",,,"5,000円以上10,000円未満","宇奈月温泉, 海王丸パーク, 黒部ダム, ほたるいかミュージアム",専門店,専門店,"ブリ, シロエビ, ウマヅラハギ, ゲンゲ, バイガイ","ブリ, シロエビ",大いに満足,満足,大いに満足,,満足,,,楽しかったから,,シロエビコロッケ,黒部ダム,9,機会があれば行きたい,翡翠集め,黒部市,,,,,,,,,,,,,,,
富山,2025/04/26 00:00:00,石川県,女性,40代,,1: 300万円未満,,1泊,富山県以外には宿泊しない,,1泊,,夕・朝２食付き,,,,,,,自家用車,,自家用車,,,２回目,,,"宿でのんびり過ごす, 地元の美味しいものを食べる","富山県内市町村の観光公式サイト, 口コミ（家族）",0,0,0,0,0,0,0,0,0,0,0,0,0,0,0,0,0,0,0,0,0,0,0,1,0,ない,,,"20,000円以上30,000円未満","5,000円以上10,000円未満","5,000円以上10,000円未満",,,"3,000円以上5,000円未満",砺波チューリップ公園,食べていない,食べていない,ホタルイカ,ホタルイカ,大いに満足,大いに満足,満足,,満足,,,食事が美味しかった,特になし,山菜,なし,7,来年もまた行きたい,,宿泊先,,,,,,,,,,,,,,,
富山,2025/04/26 00:00:00,東京都,女性,40代,,3: 600〜1000万円,,1泊,富山県以外には宿泊しない,,1泊,,夕・朝２食付き,,,,,,,新幹線,,レンタカー,,満足,１回目,,,地元の美味しいものを食べる,"富山県内市町村の観光公式サイト, 富山県観光公式のパンフレット",0,0,0,0,0,0,0,0,0,0,0,0,0,0,0,0,0,0,0,0,0,0,0,1,0,ない,,,"20,000円以上30,000円未満","20,000円以上30,000円未満","30,000円以上40,000円未満",,,"20,000円以上30,000円未満","宇奈月温泉, ほたるいかミュージアム",食べていない,食べていない,"ブリ, ホタルイカ",ホタルイカ,満足,満足,満足,,満足,,,ほたるいかミュージアムや魚津水族館の説明掲示が分かりやすくよかったです。,,ほたるいかのアイスなどが富山に来た感じがして良かったです。,富山湾フェリーの方の説明が楽しい気分にさせてくれました。,10,来年もまた行きたい,ほたるいか海上観光に行けなかったので、ぜひ来年も応募したいです。,宿泊先,,,,,,,,,,,,,,,
富山,2025/04/26 00:00:00,京都府,女性,50代,,3: 600〜1000万円,,1泊,富山県以外には宿泊しない,,1泊,,食事なし（素泊まり）,,,,,,,"新幹線, 在来線",,"自家用車,",,,６回目,,,"テーマパーク（遊園地、動物園、水族館など）, 友人・親戚を訪ねる","YOUTUBE, 富山県内市町村の観光公式サイト, 宿泊予約Webサイト, 口コミ（家族）",0,0,0,0,0,0,1,0,0,0,0,0,1,0,0,0,0,0,0,0,0,0,0,1,0,ない,,,"1,000円未満","5,000円以上10,000円未満","5,000円以上10,000円未満",,,"1,000円以上3,000円未満","砺波チューリップ公園, 富山城",回転寿司店（チェーン店）,食べていない,"ブリ, フクラギ（イナダ、ハマチ）, シロエビ, 甘エビ","ブリ, シロエビ",大いに満足,満足,満足,,満足,,,食べものが美味しい,電車のチケット購入でおつりがでないこと,極みポテトサラダ,チューリップフェア,9,来年もまた行きたい,モーニングを充実させてほしい,宿泊先,,,,,,,,,,,,,,,
富山,2025/04/26 00:00:00,富山県,女性,20代,,3: 600〜1000万円,,1泊,富山県以外には宿泊しない,,1泊,,夕・朝２食付き,,,,,,,県外から訪れていない（富山県在住）,,自家用車,,,１０回目以上,,,"宿でのんびり過ごす, 地元の美味しいものを食べる, 結婚式の前撮り","Instagram, 宿泊施設のウェブサイト, 口コミ（家族）",0,0,0,1,0,0,0,0,0,0,0,0,0,1,0,0,0,0,0,0,0,0,0,0,0,ない,,,使わない,"3,000円以上5,000円未満","40,000円以上50,000円未満",,,使わない,宿のみ,食べていない,食べていない,"シロエビ, ホタルイカ","シロエビ, ホタルイカ",大いに満足,大いに満足,満足,,大いに満足,,,,,,,6,富山県在住,,宿泊先,,,,,,,,,,,,,,,
富山,2025/04/26 00:00:00,富山県,男性,60代,,1: 300万円未満,,1泊,富山県以外には宿泊しない,,1泊,,夕・朝２食付き,,,,,,,自家用車,,自家用車,,,１０回目以上,,,"宿でのんびり過ごす, 温泉や露天風呂, 地元の美味しいものを食べる","宿泊予約Webサイト, 口コミ（家族）",0,0,0,0,0,0,0,0,0,0,0,0,1,0,0,0,0,0,0,0,0,0,0,0,0,ない,,,"1,000円未満","1,000円未満","5,000円以上10,000円未満",,,使わない,称名滝,食べていない,持ち帰り（道の駅・スーパーなど）,"ブリ, シロエビ, 甘エビ, ホタルイカ","シロエビ, 甘エビ, ホタルイカ",満足,大いに満足,満足,,満足,,,温泉の泉質が良くとても身体がゆっくりできたのと浴室の床が畳にリニューアルされとても暖かく感じました。,インバウンドの人達によるマナーの悪さが気になる。特に温泉の入浴の仕方が悪く思う。,夕食全て,やはり温泉ですが宿泊先の従業員の方々の気配りが良かったです。,10,富山県在住,これからもインバウンドの方々が多くなると思いますがその添乗員や案内の方々からの観光客への指導をお願いします。,宿泊先,,,,,,,,,,,,,,,
富山,2025/04/26 00:00:00,京都府,女性,60代,,1: 300万円未満,,2泊,福島県,,1泊,,夕・朝２食付き,,,,,,,自家用車,,自家用車,,,１回目,,,"宿でのんびり過ごす, 温泉や露天風呂, 地元の美味しいものを食べる, 花見や紅葉などの自然鑑賞, 名所、旧跡、寺社仏閣の観光","富山県観光公式サイト「とやま観光ナビ」, 富山県内市町村の観光公式サイト, 旅行会社のパンフレット",0,0,0,0,0,0,0,0,0,0,0,0,0,0,0,0,0,1,0,0,0,0,0,1,0,ある,石川県,,"20,000円以上30,000円未満","3,000円以上5,000円未満","10,000円以上20,000円未満",,,"1,000円未満","岩瀬エリア, 黒部市吉田科学館",食べていない,食べていない,"シロエビ, 甘エビ, ホタルイカ",シロエビ,大いに満足,満足,普通,,満足,,,美味しいものを食べ、ゆっくり温泉に入り、素晴らしい景色を見る事が出来た。,福島県鶴ヶ城を14時に出発した為、時間がかかり困った。,宇奈月の宿でいただいた白えび,猪苗代町清水尻から見えた桜と磐梯山、猪苗代湖,5,機会があれば行きたい,40年前アルペンルート経由で宇奈月に立ち寄った時の賑やかなイメージで今回宿泊地に選びました。到着が遅くなったのでしっかり見てはいませんが静かだなと思いました。若い旅行客と話していたら静かでいいです。とでも私は活気のある宇奈月であって欲しいです。使っていない建物が景観を寂しくしているようで… 宇奈月温泉頑張ってください。,宿泊先,,,,,,,,,,,,,,,
富山,2025/04/27 00:00:00,兵庫県,女性,50代,,4: 1000〜2000万円,,1泊,富山県以外には宿泊しない,,1泊,,朝食のみ,,,,,,,新幹線,,在来線・私鉄・路面電車,,満足,２回目,,,"地元の美味しいものを食べる, 趣味を満喫、推し活（好きなアイドル・アニメなどを）応援する","X（旧Twitter）, Instagram, Facebook, TikTok, 富山県観光公式サイト「とやま観光ナビ」, 富山県内市町村の観光公式サイト, 宿泊施設のウェブサイト, 口コミ（友人・恋人）, 富山県観光公式のパンフレット, 旅行会社のパンフレット",1,0,0,1,1,1,0,0,0,0,0,0,0,1,0,0,0,1,1,0,0,0,0,1,0,ある,福井県,,"30,000円以上40,000円未満","10,000円以上20,000円未満","10,000円以上20,000円未満",,,"10,000円以上20,000円未満","国宝 高岡山瑞龍寺, 富山県美術館, 富山市ガラス美術館",居酒屋・レストラン（地元）,持ち帰り（道の駅・スーパーなど）,"フクラギ（イナダ、ハマチ）, 紅ズワイガニ, ホタルイカ",紅ズワイガニ,大いに満足,大いに満足,大いに満足,,大いに満足,,,お刺身がとても新鮮で美味しかったです。蟹も香り豊かで、ホタルイカも生でも炙りでもお酒にぴったり美味でした。,富山まで来る交通手段でハピライン福井に乗った際、ICカードでの精算が出来ず、結果現金で支払いしか精算出来なかった事が不便極まりない。チャージした高額代金を払い戻して欲しいくらいでした。残念,お刺身、蟹、ホタルイカ、ノドグロ,富山ガラス工房で、ガラス制作体験はとても貴重な体験でベネチアにも行きたくなりました,10,来年もまた行きたい,少しずつご当地グルメが楽しめるようにサイズの小さい富山ブラックラーメンなどもあれば嬉しいです。とても楽しい旅だったので、また是非、富山を訪れたいと思いました。,宿泊先,,,,,,,,,,,,,,,
富山,2025/04/27 00:00:00,愛知県,男性,60代,,2: 300〜599万円,,1泊,富山県以外には宿泊しない,,1泊,,朝食のみ,,,,,,,自家用車,,自家用車,,,３回目,,,"宿でのんびり過ごす, 温泉や露天風呂","富山県観光公式サイト「とやま観光ナビ」, 口コミ（友人・恋人）",0,0,0,0,0,0,0,0,0,0,0,0,0,0,0,0,0,0,1,0,0,0,0,1,0,ない,,,使わない,"5,000円以上10,000円未満","20,000円以上30,000円未満",,,使わない,"雨晴海岸, 海王丸パーク, 新湊大橋, 新湊きっときと市場, 高岡大仏",持ち帰り（道の駅・スーパーなど）,食べていない,"ブリ, フクラギ（イナダ、ハマチ）, 紅ズワイガニ, 甘エビ, ホタルイカ, ウマヅラハギ",紅ズワイガニ,大いに満足,満足,普通,,満足,,,,,,,8,来年もまた行きたい,,宿泊先,,,,,,,,,,,,,,,
富山,2025/04/27 00:00:00,埼玉県,男性,30代,,3: 600〜1000万円,,1泊,富山県以外には宿泊しない,,1泊,,夕・朝２食付き,,,,,,,自家用車,,自家用車,,,７回目,,,"宿でのんびり過ごす, 温泉や露天風呂, 地元の美味しいものを食べる, 花見や紅葉などの自然鑑賞, 名所、旧跡、寺社仏閣の観光, お祭りやイベントへの参加・見物","X（旧Twitter）, 富山県観光公式サイト「とやま観光ナビ」, 富山県観光公式のパンフレット",0,0,0,0,0,1,0,0,0,0,0,0,0,0,0,0,0,0,0,0,0,0,0,1,0,ない,,,使わない,"5,000円以上10,000円未満","10,000円以上20,000円未満",,,"1,000円以上3,000円未満","砺波チューリップ公園, 富岩運河環水公園",回転寿司店（地元）,食べていない,"ブリ, フクラギ（イナダ、ハマチ）, ホタルイカ, バイガイ, ハチメ、ノドグロ","ブリ, フクラギ（イナダ、ハマチ）, バイガイ, ノドグロ",大いに満足,大いに満足,満足,,大いに満足,,,地元では生物が苦手で食べなかったけど、富山のお刺身やお寿司は食べれた。,お寿司屋さんで席が空いているのになかなか案内されず、子供がお腹すいたー！ってずっと言っていた。,ノドグロのお寿司,チューリップの色とりどりを見てこと,10,来年もまた行きたい,子供が楽しめる所が多い。,砺波市,,,,,,,,,,,,,,,
富山,2025/04/27 00:00:00,愛知県,男性,60代,,2: 300〜599万円,,1泊,富山県以外には宿泊しない,,1泊,,夕・朝２食付き,,,,,,,自家用車,,自家用車,,,５回目,,,地元の美味しいものを食べる,"宿泊施設のウェブサイト, 口コミ（友人・恋人）",0,0,0,0,0,0,0,0,0,0,0,0,0,1,0,0,0,0,1,0,0,0,0,0,0,ない,,,使わない,"1,000円以上3,000円未満","10,000円以上20,000円未満",,,"1,000円未満","海王丸パーク, 新湊きっときと市場, ほたるいかミュージアム",回転寿司店（地元）,持ち帰り（道の駅・スーパーなど）,"紅ズワイガニ, シロエビ, ホタルイカ","シロエビ, ホタルイカ",大いに満足,満足,満足,,満足,,,,,,,8,来年もまた行きたい,,滑川市,,,,,,,,,,,,,,,
富山,2025/04/27 00:00:00,三重県,無回答,60代,,3: 600〜1000万円,,1泊,富山県以外には宿泊しない,,1泊,,朝食のみ,,,,,,,自家用車,,自家用車,,,２回目,,,友人・親戚を訪ねる,"宿泊予約Webサイト, 口コミ（家族）",0,0,0,0,0,0,0,0,0,0,0,0,1,0,0,0,0,0,0,0,0,0,0,0,0,ある,石川県,,"3,000円以上5,000円未満","20,000円以上30,000円未満","5,000円以上10,000円未満",,,"3,000円以上5,000円未満","雨晴海岸, 二上山",回転寿司店（地元）,回転寿司店（地元）,"ブリ, 甘エビ, バイガイ","ブリ, バイガイ",満足,満足,満足,,満足,,,子供達が二上山の釣鐘に大喜び,夕食のコスパ,寿司,二上山,7,機会があれば行きたい,,高岡市,,,,,,,,,,,,,,,
富山,2025/04/27 00:00:00,東京都,男性,40代,,2: 300〜599万円,,1泊,富山県以外には宿泊しない,,1泊,,夕・朝２食付き,,,,,,,新幹線,,在来線・私鉄・路面電車,,普通,１回目,,,花見や紅葉などの自然鑑賞,"富山県内市町村の観光公式サイト, 宿泊施設のウェブサイト, テレビ番組",0,0,0,0,0,0,0,0,0,0,0,0,0,1,0,0,0,0,0,0,0,0,0,1,0,ある,石川県,,"5,000円以上10,000円未満","20,000円以上30,000円未満","30,000円以上40,000円未満",,,"5,000円以上10,000円未満","あさひ舟川「春の四重奏」, 宇奈月温泉, 黒部峡谷鉄道, 立山黒部アルペンルート",食べていない,食べていない,"シロエビ, ホタルイカ","シロエビ, ホタルイカ",大いに満足,大いに満足,満足,,大いに満足,,,,電車の乗り方や乗り継ぎ,ホタルイカのしゃぶしゃぶ,アルペンルート,7,機会があれば行きたい,,宿泊先,,,,,,,,,,,,,,,
富山,2025/04/27 00:00:00,富山県,女性,40代,,1: 300万円未満,,日帰り,,,,,,,,,,,,自家用車,,自家用車,,,１０回目以上,,,出張など仕事関係,"SNS広告, 富山県観光公式のパンフレット",0,0,0,0,0,0,0,1,0,0,0,0,0,0,0,0,0,0,0,0,0,0,0,0,0,ない,,,"5,000円以上10,000円未満","5,000円以上10,000円未満","20,000円以上30,000円未満",,,"1,000円未満",富岩運河環水公園,食べていない,食べていない,ホタルイカ,ホタルイカ,普通,普通,普通,,普通,,,,,,,3,機会があれば行きたい,,宿泊先,,,,,,,,,,,,,,,
富山,2025/04/27 00:00:00,富山県,女性,30代,,6: 無回答,,1泊,富山県以外には宿泊しない,,1泊,,夕・朝２食付き,,,,,,,自家用車,,自家用車,,,１回目,,,宿でのんびり過ごす,"X（旧Twitter）, 富山県観光公式のパンフレット",0,0,0,0,0,1,0,0,0,0,0,0,0,0,0,0,0,0,0,0,0,0,0,0,0,ない,,,"1,000円未満","1,000円以上3,000円未満","10,000円以上20,000円未満",,,"1,000円以上3,000円未満",砺波チューリップ公園,専門店,駅（売店・自販機など）,"ブリ, 紅ズワイガニ",ブリ,満足,満足,満足,,満足,,,,,,,10,機会があれば行きたい,,富山市,,,,,,,,,,,,,,,
富山,2025/04/27 00:00:00,石川県,女性,50代,,3: 600〜1000万円,,1泊,石川県,,1泊,,朝食のみ,,,,,,,自家用車,,自家用車,,大いに満足,１回目,,,出張など仕事関係,"X（旧Twitter）, Instagram, Facebook, 口コミ（友人・恋人）",1,0,0,1,0,1,0,0,0,0,0,0,0,0,0,0,0,0,1,0,0,0,0,0,0,ない,,,"20,000円以上30,000円未満","10,000円以上20,000円未満","10,000円以上20,000円未満",,,"3,000円以上5,000円未満",あさひ舟川「春の四重奏」,食べていない,食べていない,食べていない,食べていない,普通,普通,普通,,普通,,,コンパクトシティで迷子になりにくい,想像より寒い,富山県の人柄,これからいきます,5,機会があれば行きたい,お祭り,宿泊先,,,,,,,,,,,,,,,
富山,2025/04/27 00:00:00,長野県,女性,50代,,4: 1000〜2000万円,,2泊,富山県以外には宿泊しない,,2泊,,食事なし（素泊まり）,,食事なし（素泊まり）,,,,,自家用車,,自家用車,,,３回目,,,地元の美味しいものを食べる,"YOUTUBE, 前回富山旅行で得た情報",0,0,0,0,0,0,1,0,0,0,0,0,0,0,0,0,0,0,0,0,0,0,0,0,0,ない,,,"50,000円以上100,000円未満","20,000円以上30,000円未満","20,000円以上30,000円未満",,,使わない,雨晴海岸,専門店,専門店,"シロエビ, ホタルイカ","フクラギ（イナダ、ハマチ）, ホタルイカ",大いに満足,普通,普通,,満足,,,お寿司がめちゃくちゃ美味しかったから,楽しみにしていたます寿司屋さんが休みで残念。,すし屋の城光さんのコース料理,雨晴海岸,8,機会があれば行きたい,ます寿司店が少ない気がする,氷見市,,,,,,,,,,,,,,,
富山,2025/04/27 00:00:00,富山県,男性,60代,,3: 600〜1000万円,,1泊,富山県以外には宿泊しない,,2泊,,夕・朝２食付き,,,,,,,自家用車,,自家用車,,大いに満足,５回目,,,宿でのんびり過ごす,"富山県観光公式サイト「とやま観光ナビ」, 口コミ（友人・恋人）",0,0,0,0,0,0,0,0,0,0,0,0,0,0,0,0,0,0,1,0,0,0,0,1,0,ある,石川県,,"5,000円以上10,000円未満","10,000円以上20,000円未満","3,000円以上5,000円未満",,,"5,000円以上10,000円未満",黒部ダム,専門店,専門店,ブリ,紅ズワイガニ,大いに満足,大いに満足,大いに満足,,大いに満足,,,気持ちが良い,交通機関が少ない,ブリ,富山市,10,来年もまた行きたい,良かった,富山市,,,,,,,,,,,,,,,
富山,2025/04/27 00:00:00,富山県,女性,60代,,4: 1000〜2000万円,,1泊,長野県,,1泊,,夕・朝２食付き,,,,,,,県外から訪れていない（富山県在住）,,自家用車,,大いに満足,２回目,,,"宿でのんびり過ごす, 温泉や露天風呂, 地元の美味しいものを食べる","Instagram, 富山県観光公式サイト「とやま観光ナビ」, 富山県内市町村の観光公式サイト, 宿泊施設のウェブサイト, 口コミ（友人・恋人）",0,0,0,1,0,0,0,0,0,0,0,0,0,1,0,0,0,0,1,0,0,0,0,1,0,ない,,,使わない,使わない,使わない,,,使わない,友人と会う,食べていない,食べていない,"紅ズワイガニ, シロエビ, ホタルイカ","紅ズワイガニ, ホタルイカ",大いに満足,大いに満足,大いに満足,,大いに満足,,,ホテルの方々の対応が素晴らしかったです,なし,美味しそう食事,新しい友人が出来た,10,富山県在住,,宿泊先,,,,,,,,,,,,,,,
富山,2025/04/27 00:00:00,富山県,女性,60代,,4: 1000〜2000万円,,1泊,石川県,,1泊,,夕・朝２食付き,,,,,,,自家用車,,自家用車,,満足,２回目,,,温泉や露天風呂,"宿泊施設のウェブサイト, 口コミ（友人・恋人）",0,0,0,0,0,0,0,0,0,0,0,0,0,1,0,0,0,0,1,0,0,0,0,0,0,ない,,,"40,000円以上50,000円未満","20,000円以上30,000円未満","40,000円以上50,000円未満",,,使わない,称名滝,食べていない,食べていない,"紅ズワイガニ, ホタルイカ",紅ズワイガニ,大いに満足,大いに満足,満足,,満足,,,,,,,5,機会があれば行きたい,,富山市,,,,,,,,,,,,,,,
富山,2025/04/27 00:00:00,富山県,女性,70代,,3: 600〜1000万円,,1泊,名古屋,,1泊,,朝食のみ,,,,,,,自家用車,,自家用車,,,２回目,,,"宿でのんびり過ごす, 温泉や露天風呂, 地元の美味しいものを食べる","宿泊施設のウェブサイト, 宿泊予約Webサイト, 口コミ（家族）",0,0,0,0,0,0,0,0,0,0,0,0,1,1,0,0,0,0,0,0,0,0,0,0,0,ない,,,使わない,使わない,使わない,,,使わない,称名滝,食べていない,食べていない,"紅ズワイガニ, シロエビ",シロエビ,大いに満足,大いに満足,普通,,大いに満足,,,気持ちの良い,,,宿泊先の雅樂,10,来年もまた行きたい,,宿泊先,,,,,,,,,,,,,,,
富山,2025/04/27 00:00:00,富山県,女性,80歳以上,,3: 600〜1000万円,,1泊,石川県,,1泊,,夕・朝２食付き,,夕・朝２食付き,,,,,自家用車,,自家用車,,大いに満足,１０回目以上,,,宿でのんびり過ごす,"YOUTUBE, 口コミ（家族）",0,0,0,0,0,0,1,0,0,0,0,0,0,0,0,0,0,0,0,0,0,0,0,0,0,ない,,,"40,000円以上50,000円未満","30,000円以上40,000円未満","5,000円以上10,000円未満",,,使わない,岩瀬エリア,専門店,食べていない,"ブリ, 紅ズワイガニ, シロエビ, ホタルイカ","ブリ, 紅ズワイガニ, シロエビ, 甘エビ, ホタルイカ",大いに満足,大いに満足,大いに満足,,大いに満足,,,,,,,8,来年もまた行きたい,,富山市,,,,,,,,,,,,,,,
富山,2025/04/27 00:00:00,富山県,男性,70代,,3: 600〜1000万円,,1泊,新潟県,,1泊,,夕・朝２食付き,,,,,,,自家用車,,自家用車,,,２回目,,,"宿でのんびり過ごす, 温泉や露天風呂, 地元の美味しいものを食べる, 花見や紅葉などの自然鑑賞, 友人・親戚を訪ねる, 健康を増進する","宿泊施設のウェブサイト, 口コミ（友人・恋人）",0,0,0,0,0,0,0,0,0,0,0,0,0,1,0,0,0,0,1,0,0,0,0,0,0,ある,愛知県,,"1,000円未満",使わない,使わない,,,使わない,黒部峡谷鉄道,食べていない,食べていない,"ブリ, 紅ズワイガニ, シロエビ, ホタルイカ","ブリ, 紅ズワイガニ, シロエビ, ホタルイカ",大いに満足,大いに満足,普通,,大いに満足,,,,,,,10,来年もまた行きたい,,宿泊先,,,,,,,,,,,,,,,
富山,2025/04/27 00:00:00,鹿児島県,女性,40代,,1: 300万円未満,,日帰り,,,,,,,,,,,,自家用車,,自家用車,,満足,２回目,,,"友人・親戚を訪ねる, 帰省","富山県観光公式サイト「とやま観光ナビ」, 口コミ（家族）",0,0,0,0,0,0,0,0,0,0,0,0,0,0,0,0,0,0,0,0,0,0,0,1,0,ない,,,"10,000円以上20,000円未満",使わない,使わない,,,使わない,氷見『ばんやがい』,食べていない,食べていない,"ブリ, 甘エビ",甘エビ,大いに満足,大いに満足,大いに満足,,大いに満足,,,うららかな春の快晴の元、氷見海岸も穏やかで景色も良く、美味しい料理と、湯加減ちょうどの温泉に、気分もスッキリしたから。,,,氷見海岸,10,機会があれば行きたい,鹿児島県に住んでいると、富山県というと皆口を揃えて、魚の美味しい県だと言うし、イメージも魚がすぐに思い浮かぶようだ。お土産に、日持ちのするお菓子がなかなか思い浮かばない。かきやまは、歯が弱いお年寄りには遠慮される。何かオススメお菓子ないかなぁ。,氷見市,,,,,,,,,,,,,,,
富山,2025/04/27 00:00:00,岐阜県,女性,50代,,4: 1000〜2000万円,,日帰り,,,,,,,,,,,,自家用車,,自家用車,,,６回目,,,"地元の美味しいものを食べる, 花見や紅葉などの自然鑑賞, お祭りやイベントへの参加・見物, 趣味を満喫、推し活（好きなアイドル・アニメなどを）応援する","富山県内市町村の観光公式サイト,, チューリップのカタログ",0,0,0,0,0,0,0,0,0,0,0,0,0,0,0,0,0,0,0,0,0,0,0,1,0,ない,,,使わない,"1,000円以上3,000円未満",使わない,,,使わない,"砺波チューリップ公園, 夢の平コスモス荘そば祭り",食べていない,食べていない,食べていない,食べていない,大いに満足,普通,満足,,大いに満足,,,好きなチューリップの球根が買えたから。買えなかったチューリップの生産をお願いできたから。 蕎麦や山菜が美味しかったから。,チューリップ公園の駐車場案内が下手だと思いました。満車になったらどの駐車場に案内するか、予め考えておくべきだと思いました。,山菜の天ぷら。,チューリップ公園のチューリップ。ほぼ満開でした。,10,来年もまた行きたい,呉羽梨がパーキングエリアで買えるのでありがたいです。大きくて美味しいです。 宿泊していないのに、宿泊の感想を必須にされても困ります。,砺波市,,,,,,,,,,,,,,,
富山,2025/04/27 00:00:00,茨城県,女性,50代,,1: 300万円未満,,2泊,富山県以外には宿泊しない,,2泊,,朝食のみ,,朝食のみ,,,,,新幹線,,在来線・私鉄・路面電車,,大いに満足,２回目,,,"地元の美味しいものを食べる, お祭りやイベントへの参加・見物","Facebook, 口コミ（家族）",1,0,0,0,0,0,0,0,0,0,0,0,0,0,0,0,0,0,0,0,0,0,0,0,0,ない,,,"20,000円以上30,000円未満","5,000円以上10,000円未満","5,000円以上10,000円未満",,,"3,000円以上5,000円未満",富岩運河環水公園,専門店,駅（売店・自販機など）,フクラギ（イナダ、ハマチ）,フクラギ（イナダ、ハマチ）,大いに満足,大いに満足,大いに満足,,大いに満足,,,空気が美味しい、食べ物が美味しい、景色が綺麗。ホテルも最高で、大満足です。,特にありません,寿司,富山駅前や駅周辺のハンギングのお花がとても綺麗で感動しました！,10,機会があれば行きたい,いつも富山駅周辺のお花が綺麗で感動します。おもてなしされている感じがしてとても嬉しいのです。観光パンフレットなども充実していますし、富山県は魅力がいっぱいあってとても素敵なところだと思います。,宿泊先,,,,,,,,,,,,,,,
富山,2025/04/27 00:00:00,富山県,女性,30代,,3: 600〜1000万円,,日帰り,,,,,,,,,,,,県外から訪れていない（富山県在住）,,自家用車,,,７回目,,,地元の美味しいものを食べる,"宿泊施設のウェブサイト, 口コミ（家族）",0,0,0,0,0,0,0,0,0,0,0,0,0,1,0,0,0,0,0,0,0,0,0,0,0,ない,,,"1,000円以上3,000円未満","5,000円以上10,000円未満",使わない,,,"1,000円未満","富山県美術館, 富岩運河環水公園",食べていない,食べていない,"ブリ, ホタルイカ",どれにも感動していない,普通,普通,満足,,満足,,,子供達に良い経験をしてもらえたから,,ブリ照り焼き,環水公園の船に乗ったこと,10,富山県在住,鮮度のある海産物を食べたい,富山市,,,,,,,,,,,,,,,
富山,2025/04/27 00:00:00,東京都,女性,20代,,1: 300万円未満,,1泊,富山県以外には宿泊しない,,1泊,,夕・朝２食付き,,,,,,,新幹線,,"在来線・私鉄・路面電車, 路線バス",,大いに満足,１回目,,,"宿でのんびり過ごす, 温泉や露天風呂, 地元の美味しいものを食べる, お祭りやイベントへの参加・見物","富山県観光公式サイト「とやま観光ナビ」, 富山県内市町村の観光公式サイト, 宿泊施設のウェブサイト, 宿泊予約Webサイト, 口コミ（友人・恋人）",0,0,0,0,0,0,0,0,0,0,0,0,1,1,0,0,0,0,1,0,0,0,0,1,0,ない,,,"10,000円以上20,000円未満","5,000円以上10,000円未満","10,000円以上20,000円未満",,,"1,000円以上3,000円未満",立山黒部アルペンルート,食べていない,食べていない,ホタルイカ,ホタルイカ,大いに満足,大いに満足,大いに満足,,大いに満足,,,この日のために節約してお金を貯めて、日々の仕事の疲れが吹っ飛ぶ絶景と体験ができた。山菜やホタルイカ等、富山や立山ならではのものを食べることができ、非常に美味しかった。またグルメや観光のために、富山に足を運びたいと思った。,特にありません。,ホタルイカ,アルペンルートの景色,10,来年もまた行きたい,ホタルイカ等有名な食べ物は東京でも食べることが出来るが、富山で食べると格別で、それだけで再訪する理由になりました。併せてホタルイカミュージックも次回の観光で訪れたいです。,立山町,,,,,,,,,,,,,,,
富山,2025/04/27 00:00:00,富山県,男性,40代,,3: 600〜1000万円,,日帰り,,,,,,,,,,,,県外から訪れていない（富山県在住）,,自家用車,,,１０回目以上,,,友人・親戚を訪ねる,"宿泊予約Webサイト, Googleマップ, 口コミ（家族）",0,1,1,0,0,0,0,0,0,0,0,0,1,0,0,0,0,0,0,0,0,0,0,0,0,ない,,,"1,000円未満","50,000円以上100,000円未満",使わない,,,"1,000円以上3,000円未満","富山県美術館, 水墨美術館",居酒屋・レストラン（チェーン店）,食べていない,"ブリ, フクラギ（イナダ、ハマチ）, 紅ズワイガニ, シロエビ, 甘エビ, ホタルイカ, ゲンゲ","ブリ, フクラギ（イナダ、ハマチ）, 紅ズワイガニ, シロエビ, 甘エビ, ホタルイカ, ゲンゲ",大いに満足,大いに満足,大いに満足,,大いに満足,,,,,,,10,富山県在住,,富山市,,,,,,,,,,,,,,,
富山,2025/04/27 00:00:00,岐阜県,男性,60代,,3: 600〜1000万円,,1泊,富山県以外には宿泊しない,,1泊,,朝食のみ,,,,,,,自家用車,,自家用車,,,５回目,,,地元の美味しいものを食べる,"宿泊施設のウェブサイト, よく来てるから",0,0,0,0,0,0,0,0,0,0,0,0,0,1,0,0,0,0,0,0,0,0,0,0,0,ない,,,"30,000円以上40,000円未満","20,000円以上30,000円未満","10,000円以上20,000円未満",,,"10,000円以上20,000円未満","海王丸パーク, 新湊きっときと市場, 高岡大仏, ほたるいかミュージアム",回転寿司店（地元）,持ち帰り（道の駅・スーパーなど）,"ブリ, フクラギ（イナダ、ハマチ）, 紅ズワイガニ, シロエビ, ホタルイカ, ゲンゲ, バイガイ","ブリ, フクラギ（イナダ、ハマチ）, 紅ズワイガニ, シロエビ, ホタルイカ, ゲンゲ, バイガイ",大いに満足,満足,大いに満足,,大いに満足,,,,,ホタルイカ,,10,来年もまた行きたい,,高岡市,,,,,,,,,,,,,,,
富山,2025/04/27 00:00:00,神奈川県,男性,70代,,2: 300〜599万円,,1泊,富山県以外には宿泊しない,,1泊,,夕・朝２食付き,,,,,,,自家用車,,自家用車,,,３回目,,,"宿でのんびり過ごす, 温泉や露天風呂, 地元の美味しいものを食べる, 買い物（工芸品・特産品など）, まちあるき、都市散策各種体験（手作り、果物狩りなど）","富山県観光公式サイト「とやま観光ナビ」, 口コミ（家族）, 観光展・物産展, テレビ番組",0,0,0,0,0,0,0,0,0,0,0,0,0,0,0,0,0,0,0,0,0,0,1,1,0,ない,,,使わない,"3,000円以上5,000円未満","20,000円以上30,000円未満",,,使わない,"新湊大橋, 新湊きっときと市場,",回転寿司店（地元）,持ち帰り（道の駅・スーパーなど）,"ブリ, フクラギ（イナダ、ハマチ）, 紅ズワイガニ, シロエビ, 甘エビ, ホタルイカ, ウマヅラハギ, バイガイ,","ブリ, フクラギ（イナダ、ハマチ）, 紅ズワイガニ, シロエビ, 甘エビ, ホタルイカ, ウマヅラハギ, バイガイ,",大いに満足,大いに満足,大いに満足,,大いに満足,,,自然と新鮮な魚介類、お土産や地酒,,新鮮な魚介類,番屋街と温泉,10,来年もまた行きたい,海の景色や山並み、そして新鮮な魚介類、更には温泉,宿泊先,,,,,,,,,,,,,,,
富山,2025/04/27 00:00:00,新潟県,女性,60代,,2: 300〜599万円,,1泊,富山県以外には宿泊しない,,1泊,,夕・朝２食付き,,,,,,,自家用車,,自家用車,,,２回目,,,"温泉や露天風呂, 地元の美味しいものを食べる, 花見や紅葉などの自然鑑賞, 名所、旧跡、寺社仏閣の観光","富山県観光公式サイト「とやま観光ナビ」, 富山県内市町村の観光公式サイト, 旅行会社のパンフレット",0,0,0,0,0,0,0,0,0,0,0,0,0,0,0,0,0,1,0,0,0,0,0,1,0,ない,,,使わない,"1,000円以上3,000円未満","20,000円以上30,000円未満",,,使わない,"あさひ舟川「春の四重奏」, チューリップロード",食べていない,食べていない,"フクラギ（イナダ、ハマチ）, 紅ズワイガニ, シロエビ, 甘エビ, ホタルイカ","フクラギ（イナダ、ハマチ）, 紅ズワイガニ, シロエビ, ホタルイカ, 鮑",大いに満足,大いに満足,満足,,大いに満足,,,魚が新鮮で美味しい,,カニ,,10,機会があれば行きたい,新鮮な海の幸があって、温泉もとても良い,宿泊先,,,,,,,,,,,,,,,
富山,2025/04/27 00:00:00,北海道,女性,70代,,2: 300〜599万円,,4泊以上,石川県,,4泊以上,,夕・朝２食付き,,夕・朝２食付き,,夕・朝２食付き,,朝食のみ,レンタカー,,レンタカー,,,３回目,,,"温泉や露天風呂, 地元の美味しいものを食べる, 花見や紅葉などの自然鑑賞, 名所、旧跡、寺社仏閣の観光","宿泊施設のウェブサイト, 口コミ（家族）, 旅行会社のパンフレット",0,0,0,0,0,0,0,0,0,0,0,0,0,1,0,0,0,1,0,0,0,0,0,0,0,ない,,,"100,000円以上","30,000円以上40,000円未満","30,000円以上40,000円未満",,,"3,000円以上5,000円未満","雨晴海岸, 宇奈月温泉, 海王丸パーク, 黒部峡谷鉄道, 高岡大仏, 立山黒部アルペンルート, 富山県美術館",専門店,回転寿司店（地元）,"ブリ, 紅ズワイガニ, ホタルイカ","ブリ, ホタルイカ",満足,満足,満足,,満足,,,観光の案内が非常にわかりやすく紹介されている。また展示物も興味深いものが多い。,駐車場,ホタルイカ　イチゴ,博物館　美術館,9,来年もまた行きたい,宿泊料金をもう少し下げて欲しい。 その分、お土産の費用に回せる。,富山市,,,,,,,,,,,,,,,
富山,2025/04/27 00:00:00,東京都,女性,50代,,4: 1000〜2000万円,,1泊,富山県以外には宿泊しない,,1泊,,夕・朝２食付き,,,,,,,自家用車,,自家用車,,,２回目,,,"温泉や露天風呂, 名所、旧跡、寺社仏閣の観光, 買い物（工芸品・特産品など）","まとめサイト, 旅行ガイドブック",0,0,0,0,0,0,0,0,0,1,0,0,0,0,0,0,1,0,0,0,0,0,0,0,0,ない,,,使わない,"5,000円以上10,000円未満","20,000円以上30,000円未満",,,"5,000円以上10,000円未満","雨晴海岸, 海王丸パーク, 新湊大橋, 新湊きっときと市場, 高岡大仏",専門店,食べていない,"ブリ, シロエビ, 甘エビ, ホタルイカ",シロエビ,大いに満足,大いに満足,満足,,満足,,,GW中でしたか、観光場所は、さほど混んでなく、スムーズでした,特になし,白エビ,立山連峰,9,機会があれば行きたい,ブリが沢山食べたい,高岡市,,,,,,,,,,,,,,,
富山,2025/04/27 00:00:00,神奈川県,女性,40代,,6: 無回答,,4泊以上,新潟　石川　福井,,1泊,,夕・朝２食付き,,,,,,,自家用車,,自家用車,,,２回目,,,"文化施設の見学・体験（美術館・博物館など）, まちあるき、都市散策各種体験（手作り、果物狩りなど）, ドライブ・ツーリング","宿泊施設のウェブサイト, Googleマップ",0,1,1,0,0,0,0,0,0,0,0,0,0,1,0,0,0,0,0,0,0,0,0,0,0,ある,秋田県,,"10,000円以上20,000円未満","1,000円以上3,000円未満","10,000円以上20,000円未満",,,"1,000円以上3,000円未満",八尾観光会館,食べていない,食べていない,"甘エビ, ホタルイカ",ホタルイカ,大いに満足,大いに満足,大いに満足,,大いに満足,,,綺麗だった,特にない,ホタルイカ,ホテルの接客,5,機会があれば行きたい,,宿泊先,,,,,,,,,,,,,,,
富山,2025/04/27 00:00:00,愛知県,女性,40代,,3: 600〜1000万円,,1泊,富山県以外には宿泊しない,,1泊,,夕・朝２食付き,,,,,,,自家用車,,自家用車,,,２回目,,,友人・親戚を訪ねる,"宿泊施設のウェブサイト, 宿泊予約Webサイト, 特になし",0,0,0,0,0,0,0,0,0,0,0,0,1,1,0,0,0,0,0,0,0,0,0,0,0,ない,,,"30,000円以上40,000円未満","3,000円以上5,000円未満","20,000円以上30,000円未満",,,"1,000円未満",海王丸パーク,回転寿司店（地元）,食べていない,"ブリ, シロエビ, 甘エビ, ホタルイカ, ゲンゲ, バイガイ","ホタルイカ, うに",大いに満足,大いに満足,満足,,満足,,,天気良く順調,,刺し身,,10,来年もまた行きたい,新鮮な海の幸,宿泊先,,,,,,,,,,,,,,,
富山,2025/04/27 00:00:00,新潟県,女性,40代,,3: 600〜1000万円,,1泊,富山県以外には宿泊しない,,1泊,,夕・朝２食付き,,,,,,,自家用車,,自家用車,,,２回目,,,"地元の美味しいものを食べる, 花見や紅葉などの自然鑑賞, 工場の見学・体験","Instagram, 富山県観光公式サイト「とやま観光ナビ」, 富山県内市町村の観光公式サイト, 宿泊施設のウェブサイト, 雑誌の特集記事",0,0,0,1,0,0,0,0,0,0,0,0,0,1,0,0,1,0,0,0,0,0,0,1,0,ない,,,"3,000円以上5,000円未満","5,000円以上10,000円未満","20,000円以上30,000円未満",,,"1,000円以上3,000円未満",黒部峡谷鉄道,食べていない,食べていない,"フクラギ（イナダ、ハマチ）, 甘エビ, ホタルイカ, ゲンゲ","ホタルイカ, ゲンゲ",満足,満足,大いに満足,,大いに満足,,,天候にも恵まれ、富山でしか体験できないことができたから,,お米,富山湾の眺め,10,来年もまた行きたい,地元の新鮮なお魚とお米,宿泊先,,,,,,,,,,,,,,,
富山,2025/04/27 00:00:00,千葉県,男性,40代,,2: 300〜599万円,,2泊,新潟県,,2泊,,食事なし（素泊まり）,,,,,,,新幹線,,"在来線・私鉄・路面電車, 路線バス",,普通,１回目,,,スポーツ観戦や芸術鑑賞（コンサート等）,"X（旧Twitter）, テレビ・ラジオ",0,0,0,0,0,1,0,0,0,0,0,0,0,0,0,0,0,0,0,0,0,0,0,0,0,ある,新潟県,,"1,000円以上3,000円未満","10,000円以上20,000円未満","10,000円以上20,000円未満",,,"3,000円以上5,000円未満",富山市ガラス美術館,食べていない,食べていない,ホタルイカ,シロエビ,満足,普通,普通,,普通,,,,,,,8,機会があれば行きたい,,富山市,,,,,,,,,,,,,,,
富山,2025/04/28 00:00:00,神奈川県,男性,40代,,4: 1000〜2000万円,,2泊,富山県以外には宿泊しない,,2泊,,食事なし（素泊まり）,,食事なし（素泊まり）,,,,,"新幹線, 在来線",,"レンタカー, 徒歩",,大いに満足,１回目,,,"地元の美味しいものを食べる, 名所、旧跡、寺社仏閣の観光, まちあるき、都市散策各種体験（手作り、果物狩りなど）, 趣味を満喫、推し活（好きなアイドル・アニメなどを）応援する, 指導教官の退官講演・パーティーへの出席のため","Instagram, 宿泊施設のウェブサイト, 宿泊予約Webサイト, 口コミ（家族）, 富山県観光公式のパンフレット",0,0,0,1,0,0,0,0,0,0,0,0,1,1,0,0,0,0,0,0,0,0,0,0,0,ない,,,"5,000円以上10,000円未満","20,000円以上30,000円未満","10,000円以上20,000円未満",,,"1,000円未満","五箇山, 砺波チューリップ公園, 富岩運河環水公園",食べていない,持ち帰り（道の駅・スーパーなど）,食べていない,食べていない,大いに満足,大いに満足,満足,,満足,,,,愛犬と一緒に旅行しましたが、一緒に入れる施設が少ないと感じました。(砺波のチューリップ公園は入場不可なのはビックリしました。愛犬を専用のリュックに入れて迷惑のかからないように公共交通機関(新幹線、在来線など)にも乗れているのに、園内に一緒に入れないのは残念でした。一律に排除ではなく、同意書などでマナーを守れる(何かあった場合は飼い主が責任を持てる)ペットの入場はできるようにして頂けるとありがたいです。ちなみに、五箇山の国の重要指定文化財の村上邸では、「汚さなければ」とのことでリュックに入れて観光させて頂き、満足しております。),,五箇山です。(特に村上邸では大変お世話になりました),8,機会があれば行きたい,愛犬も一緒に行動できる場所が増えれば、もっと関東から富山に愛犬家が旅行に来ると思います。,宿泊先,,,,,,,,,,,,,,,
富山,2025/04/28 00:00:00,富山県,女性,70代,,1: 300万円未満,,1泊,富山県以外には宿泊しない,,1泊,,夕・朝２食付き,,,,,,,自家用車,,自家用車,,,１０回目以上,,,宿でのんびり過ごす,"宿泊施設のウェブサイト, 口コミ（友人・恋人）",0,0,0,0,0,0,0,0,0,0,0,0,0,1,0,0,0,0,1,0,0,0,0,0,0,ない,,,使わない,"1,000円以上3,000円未満","10,000円以上20,000円未満",,,"1,000円以上3,000円未満","雨晴海岸, 海王丸パーク, 新湊大橋",回転寿司店（地元）,食べていない,"ブリ, 甘エビ, ホタルイカ","甘エビ, ホタルイカ",大いに満足,大いに満足,普通,,大いに満足,,,天候に恵まれ 美しい自然と美味しい食事,,甘エビ、 ホタルイカ,,10,富山県在住,,宿泊先,,,,,,,,,,,,,,,
富山,2025/04/28 00:00:00,愛知県,男性,60代,,2: 300〜599万円,,2泊,富山県以外には宿泊しない,,2泊,,食事なし（素泊まり）,,夕・朝２食付き,,,,,自家用車,,"自家用車, 自転車",,大いに満足,３回目,,,"宿でのんびり過ごす, 温泉や露天風呂, 地元の美味しいものを食べる, 花見や紅葉などの自然鑑賞, 買い物（工芸品・特産品など）, アウトドア（海水浴、釣り、登山など）, 趣味を満喫、推し活（好きなアイドル・アニメなどを）応援する","宿泊施設のウェブサイト, 経験",0,0,0,0,0,0,0,0,0,0,0,0,0,1,0,0,0,0,0,0,0,0,0,0,0,ない,,,"30,000円以上40,000円未満","10,000円以上20,000円未満","10,000円以上20,000円未満",,,使わない,"雨晴海岸, 海王丸パーク, 五箇山, 新湊きっときと市場, 砺波チューリップ公園",食べていない,食べていない,"ブリ, シロエビ, ホタルイカ",ブリ,大いに満足,大いに満足,満足,,大いに満足,,,期待どおりであった,,,サイクリング,10,来年もまた行きたい,変わらないでほしい,宿泊先,,,,,,,,,,,,,,,
富山,2025/04/28 00:00:00,茨城県,男性,50代,,1: 300万円未満,,2泊,富山県以外には宿泊しない,,2泊,,食事なし（素泊まり）,,朝食のみ,,,,,新幹線,,"自家用車, 在来線・私鉄・路面電車",,満足,６回目,,,"宿でのんびり過ごす, お祭りやイベントへの参加・見物, その他スポーツ（ゴルフ、テニスなど）, 友人・親戚を訪ねる, 健康を増進する","富山県内市町村の観光公式サイト, 蜃気楼マラソン公式ページ, 口コミ（家族）, 富山県観光公式のパンフレット",0,0,0,0,0,0,0,0,0,0,1,0,0,0,0,0,0,0,0,0,0,0,0,1,0,ない,,,"1,000円以上3,000円未満","5,000円以上10,000円未満","10,000円以上20,000円未満",,,"3,000円以上5,000円未満",富岩運河環水公園,持ち帰り（道の駅・スーパーなど）,食べていない,"フクラギ（イナダ、ハマチ）, 紅ズワイガニ, 甘エビ",紅ズワイガニ,満足,満足,満足,,満足,,,富山の、観光にかける熱意は凄い。安定の満足感。蜃気楼マラソン主催者の対応に敬意をはらうも、祭り感がもう少し高ければ言うこと無し。,駅前のホテルに宿泊出来たので不便はほぼ無い。ただ、このホテルに予約取れてなければ、移動等に影響あったと考えられる。,ベニズワイ,観光ではないがハーフマラソン,10,来年もまた行きたい,在来線の利便さがもう少し高まると嬉しい,魚津市,,,,,,,,,,,,,,,
富山,2025/04/28 00:00:00,岐阜県,女性,50代,,2: 300〜599万円,,1泊,富山県以外には宿泊しない,,1泊,,朝食のみ,,,,,,,自家用車,,自家用車,,,２回目,,,"地元の美味しいものを食べる, 名所、旧跡、寺社仏閣の観光","YOUTUBE, 口コミ（家族）, 雑誌の特集記事",0,0,0,0,0,0,1,0,0,0,0,0,0,0,0,0,1,0,0,0,0,0,0,0,0,ない,,,"5,000円以上10,000円未満","10,000円以上20,000円未満","5,000円以上10,000円未満",,,"1,000円以上3,000円未満","新湊大橋, 新湊きっときと市場, 高岡大仏, ほたるいかミュージアム",回転寿司店（地元）,駅（売店・自販機など）,"紅ズワイガニ, シロエビ, ホタルイカ, ゲンゲ, バイガイ","シロエビ, ホタルイカ, ゲンゲ, バイガイ",満足,満足,普通,,満足,,,道の駅が寂しい。お店が少ない。,飲食、観光共に、少ない。,ホタルイカが、最高！,特になし,5,どちらともいえない,全てが少ない。寂しい。つまらない。,宿泊先,,,,,,,,,,,,,,,
富山,2025/04/28 00:00:00,神奈川県,男性,60代,,3: 600〜1000万円,,2泊,富山県以外には宿泊しない,,2泊,,朝食のみ,,朝食のみ,,,,,新幹線,,在来線・私鉄・路面電車,,普通,４回目,,,"地元の美味しいものを食べる, 花見や紅葉などの自然鑑賞, お祭りやイベントへの参加・見物, その他スポーツ（ゴルフ、テニスなど）","Facebook, 富山県観光公式サイト「とやま観光ナビ」, 富山県観光公式のパンフレット",1,0,0,0,0,0,0,0,0,0,0,0,0,0,0,0,0,0,0,0,0,0,0,1,0,ない,,,"3,000円以上5,000円未満","10,000円以上20,000円未満","20,000円以上30,000円未満",,,"10,000円以上20,000円未満","あさひ舟川「春の四重奏」, 黒部峡谷鉄道, 立山黒部アルペンルート, 富岩運河環水公園",専門店,食べていない,"ブリ, フクラギ（イナダ、ハマチ）, 紅ズワイガニ, シロエビ, 甘エビ, バイガイ","シロエビ, バイガイ",大いに満足,大いに満足,大いに満足,,大いに満足,,,魚津マラソンを完走できた。,アルペンルートの予約が取りづらいこと。,寿司,トロッコ電車,10,来年もまた行きたい,あまりインバウンドに振り切らずに日本人相手の対応を続けて欲しい。,宿泊先,,,,,,,,,,,,,,,
富山,2025/04/28 00:00:00,東京都,男性,60代,,2: 300〜599万円,,4泊以上,長野県,,2泊,,夕食のみ,,,,,,,自家用車,,自家用車,,,２回目,,,"温泉や露天風呂, 地元の美味しいものを食べる, 花見や紅葉などの自然鑑賞","宿泊予約Webサイト, 旅行ガイドブック",0,0,0,0,0,0,0,0,0,0,0,0,1,0,0,0,1,0,0,0,0,0,0,0,0,ない,,,"5,000円以上10,000円未満","5,000円以上10,000円未満","10,000円以上20,000円未満",,,"1,000円以上3,000円未満","雨晴海岸, 五箇山, 砺波チューリップ公園",食べていない,食べていない,"フクラギ（イナダ、ハマチ）, 甘エビ",どれにも感動していない,満足,満足,普通,,普通,,,雲が多く雪の立山連峰が見えなかった,特になし,海の幸,砺波チューリップ公園,10,機会があれば行きたい,,宿泊先,,,,,,,,,,,,,,,
富山,2025/04/28 00:00:00,愛知県,女性,50代,,3: 600〜1000万円,,2泊,富山県以外には宿泊しない,,2泊,,朝食のみ,,夕・朝２食付き,,,,,"在来線, 旅行会社ツアーバス",,"在来線・私鉄・路面電車, 路線バス",,普通,１回目,,,"地元の美味しいものを食べる, 花見や紅葉などの自然鑑賞, 名所、旧跡、寺社仏閣の観光, クルーズ・観光船を楽しむ","富山県観光公式サイト「とやま観光ナビ」, 富山県内市町村の観光公式サイト, 宿泊予約Webサイト, 富山県観光公式のパンフレット",0,0,0,0,0,0,0,0,0,0,0,0,1,0,0,0,0,0,0,0,0,0,0,1,0,ない,,,"50,000円以上100,000円未満","3,000円以上5,000円未満","20,000円以上30,000円未満",,,"10,000円以上20,000円未満","岩瀬エリア, 富山県美術館, 富山市ガラス美術館, 富岩運河環水公園, ほたるいかミュージアム",食べていない,食べていない,"ブリ, 紅ズワイガニ, シロエビ, ホタルイカ, バイガイ","シロエビ, ホタルイカ, バイガイ",大いに満足,普通,満足,,普通,,,富山ならではの海の幸か美味しかった。 富山の皆さん、とても親切で、感じがよかった。,富山駅など混雑があり、予定変更することが度々あった。,ホタルイカ,ホタルイカ観光船,7,機会があれば行きたい,,宿泊先,,,,,,,,,,,,,,,
富山,2025/04/28 00:00:00,石川県,男性,50代,,2: 300〜599万円,,1泊,富山県以外には宿泊しない,,1泊,,食事なし（素泊まり）,,,,,,,自家用車,,自家用車,,,５回目,,,まちあるき、都市散策各種体験（手作り、果物狩りなど）,"宿泊予約Webサイト, 口コミ（家族）",0,0,0,0,0,0,0,0,0,0,0,0,1,0,0,0,0,0,0,0,0,0,0,0,0,ある,福井県,,"1,000円以上3,000円未満","10,000円以上20,000円未満","40,000円以上50,000円未満",,,"1,000円以上3,000円未満",八尾地区,食べていない,食べていない,食べていない,食べていない,満足,大いに満足,満足,,大いに満足,,,,,,,8,機会があれば行きたい,都市部にはない、自然、町並み、歴史、文化,富山市,,,,,,,,,,,,,,,
富山,2025/04/28 00:00:00,埼玉県,男性,40代,,4: 1000〜2000万円,,2泊,富山県以外には宿泊しない,,2泊,,朝食のみ,,夕・朝２食付き,,,,,自家用車,,"自家用車, 徒歩",,,３回目,,,"地元の美味しいものを食べる, 花見や紅葉などの自然鑑賞, 工場の見学・体験","富山県観光公式サイト「とやま観光ナビ」, 富山県内市町村の観光公式サイト, 宿泊施設のウェブサイト, 口コミ（家族）, 口コミ（同僚・同級生）",0,0,0,0,0,0,0,0,0,0,0,0,0,1,0,0,0,0,0,0,0,0,0,1,0,ない,,,"50,000円以上100,000円未満","10,000円以上20,000円未満","10,000円以上20,000円未満",,,"1,000円以上3,000円未満","あさひ舟川「春の四重奏」, 雨晴海岸, 富山城, ほたるいかミュージアム",回転寿司店（地元）,食べていない,"ブリ, フクラギ（イナダ、ハマチ）, シロエビ, 甘エビ, ホタルイカ, ウマヅラハギ, ゲンゲ, バイガイ, ヒラメ","ホタルイカ, ウマヅラハギ, ヒラメ",大いに満足,普通,満足,,大いに満足,,,会社の同僚に会いにきました。 自然がきれい！美しい！ 食べ物が本当に美味しい！,特にありません,ヒラメ,ホタルイカ海上観光,10,来年もまた行きたい,また来る予定です。 富山県サーフでの釣りを計画中。,宿泊先,,,,,,,,,,,,,,,
富山,2025/04/28 00:00:00,埼玉県,女性,40代,,4: 1000〜2000万円,,2泊,富山県以外には宿泊しない,,2泊,,食事なし（素泊まり）,,夕・朝２食付き,,,,,自家用車,,"自家用車, 徒歩",,,３回目,,,"宿でのんびり過ごす, 温泉や露天風呂, 地元の美味しいものを食べる, 花見や紅葉などの自然鑑賞, 工場の見学・体験","富山県観光公式サイト「とやま観光ナビ」, 富山県内市町村の観光公式サイト, 宿泊予約Webサイト, 口コミ（家族）, 口コミ（同僚・同級生）",0,0,0,0,0,0,0,0,0,0,0,0,1,0,0,0,0,0,0,0,0,0,0,1,0,ない,,,"50,000円以上100,000円未満","10,000円以上20,000円未満","20,000円以上30,000円未満",,,"5,000円以上10,000円未満","あさひ舟川「春の四重奏」, 称名滝, 新湊大橋, 富山城, ほたるいかミュージアム",回転寿司店（地元）,食べていない,"ブリ, フクラギ（イナダ、ハマチ）, シロエビ, ホタルイカ, ウマヅラハギ, ゲンゲ, バイガイ",ウマヅラハギ,大いに満足,大いに満足,大いに満足,,大いに満足,,,シーズン終了間際でしたがウマヅラハギの肝和えが感動的に美味しかったです,特にありません,ウマヅラハギ,ホタルイカ海上観光,10,来年もまた行きたい,今度は富山県のサーフからのフラットフィッシュ釣り計画中です,宿泊先,,,,,,,,,,,,,,,
富山,2025/04/28 00:00:00,富山県,男性,60代,,2: 300〜599万円,,1泊,富山県以外には宿泊しない,,1泊,,夕・朝２食付き,,,,,,,自家用車,,自家用車,,普通,２回目,,,宿でのんびり過ごす,"宿泊施設のウェブサイト, 旅行会社のパンフレット",0,0,0,0,0,0,0,0,0,0,0,0,0,1,0,0,0,1,0,0,0,0,0,0,0,ある,"石川県, 福井県, 長野県",,"50,000円以上100,000円未満","30,000円以上40,000円未満","20,000円以上30,000円未満",,,"3,000円以上5,000円未満","雨晴海岸, 砺波チューリップ公園",回転寿司店（地元）,食べていない,"ブリ, ホタルイカ",ホタルイカ,満足,普通,普通,,満足,,,他と同じ,交通が不便,食べ物,チューリップ公園,3,富山県在住,交通が不便,氷見市,,,,,,,,,,,,,,,
富山,2025/04/28 00:00:00,東京都,女性,60代,,6: 無回答,,2泊,富山県以外には宿泊しない,,2泊,,夕・朝２食付き,,夕・朝２食付き,,,,,新幹線,,在来線・私鉄・路面電車,,,４回目,,,"温泉や露天風呂, 地元の美味しいものを食べる","宿泊予約Webサイト, 旅行ガイドブック",0,0,0,0,0,0,0,0,0,0,0,0,1,0,0,0,1,0,0,0,0,0,0,0,0,ない,,,"50,000円以上100,000円未満","50,000円以上100,000円未満","40,000円以上50,000円未満",,,"5,000円以上10,000円未満","立山黒部アルペンルート, 砺波チューリップ公園",専門店,食べていない,"ホタルイカ, ゲンゲ","シロエビ, 甘エビ, ホタルイカ",大いに満足,大いに満足,大いに満足,,大いに満足,,,,,,,10,来年もまた行きたい,,宿泊先,,,,,,,,,,,,,,,
富山,2025/04/28 00:00:00,兵庫県,男性,70代,,1: 300万円未満,,1泊,富山県以外には宿泊しない,,1泊,,夕・朝２食付き,,,,,,,"レンタカー, 新幹線",,"レンタカー, 在来線・私鉄・路面電車",,満足,１回目,,,"地元の美味しいものを食べる, 名所、旧跡、寺社仏閣の観光, 文化施設の見学・体験（美術館・博物館など）","富山県観光公式サイト「とやま観光ナビ」, 富山県内市町村の観光公式サイト, 口コミ（家族）",0,0,0,0,0,0,0,0,0,0,0,0,0,0,0,0,0,0,0,0,0,0,0,1,0,ない,,,"20,000円以上30,000円未満","5,000円以上10,000円未満","10,000円以上20,000円未満",,,"1,000円以上3,000円未満","雨晴海岸, 国宝 高岡山瑞龍寺, 高岡大仏, 富山市ガラス美術館",回転寿司店（地元）,駅（売店・自販機など）,"ブリ, フクラギ（イナダ、ハマチ）, シロエビ, ホタルイカ","シロエビ, ホタルイカ",満足,満足,満足,,大いに満足,,,富山市内で見た立山連峰が素晴らしかった。,特に無し,ホテルイカ,ガラス美術館,8,機会があれば行きたい,新幹線が大阪までつながればもっと観光客が来ると思います。,宿泊先,,,,,,,,,,,,,,,
富山,2025/04/28 00:00:00,神奈川県,女性,30代,,3: 600〜1000万円,,3泊,富山県以外には宿泊しない,,3泊,,夕・朝２食付き,,,,,,,新幹線,,自家用車,,大いに満足,８回目,,,"宿でのんびり過ごす, 温泉や露天風呂, 地元の美味しいものを食べる, 友人・親戚を訪ねる","X（旧Twitter）, Instagram, YOUTUBE, 口コミ（友人・恋人）, 口コミ（家族）",0,0,0,1,0,1,1,0,0,0,0,0,0,0,0,0,0,0,1,0,0,0,0,0,0,ない,,,"20,000円以上30,000円未満","10,000円以上20,000円未満","10,000円以上20,000円未満",,,"5,000円以上10,000円未満","雨晴海岸, 砺波チューリップ公園",回転寿司店（地元）,持ち帰り（道の駅・スーパーなど）,"ブリ, フクラギ（イナダ、ハマチ）, 紅ズワイガニ, シロエビ, 甘エビ, ホタルイカ, ウマヅラハギ, バイガイ","ブリ, フクラギ（イナダ、ハマチ）, 紅ズワイガニ, シロエビ, 甘エビ, ホタルイカ, ウマヅラハギ, バイガイ",大いに満足,大いに満足,大いに満足,,大いに満足,,,,,,,7,来年もまた行きたい,富山駅前の子ども向け公演が有料で、しかも500円はびっくり。他県なら無料で開放しているレベルだと思った。,宿泊先,,,,,,,,,,,,,,,
富山,2025/04/28 00:00:00,富山県,女性,60代,,2: 300〜599万円,,1泊,富山県以外には宿泊しない,,1泊,,夕・朝２食付き,,,,,,,自家用車,,自家用車,,,５回目,,,温泉や露天風呂,"宿泊施設のウェブサイト, 宿泊予約Webサイト, 口コミ（家族）, 口コミ（同僚・同級生）",0,0,0,0,0,0,0,0,0,0,0,0,1,1,0,0,0,0,0,0,0,0,0,0,0,ない,,,"3,000円以上5,000円未満","5,000円以上10,000円未満","20,000円以上30,000円未満",,,"1,000円以上3,000円未満",砺波チューリップ公園,食べていない,食べていない,"ブリ, 甘エビ, ホタルイカ",どれにも感動していない,普通,普通,普通,,普通,,,,,,,5,富山県在住,,富山市,,,,,,,,,,,,,,,
富山,2025/04/28 00:00:00,愛知県,女性,30代,,3: 600〜1000万円,,2泊,富山県以外には宿泊しない,,2泊,,夕・朝２食付き,,夕・朝２食付き,,,,,自家用車,,路線バス,,満足,１０回目以上,,,"温泉や露天風呂, 地元の美味しいものを食べる, 花見や紅葉などの自然鑑賞, 買い物（工芸品・特産品など）, 健康を増進する","宿泊予約Webサイト, 口コミ（家族）, 観光展・物産展, 富山県観光公式のパンフレット, 旅行会社のパンフレット",0,0,0,0,0,0,0,0,0,0,0,0,1,0,0,0,0,1,0,0,0,0,1,0,0,ある,"長野県, 岐阜県, 静岡県, 三重県",,"20,000円以上30,000円未満","10,000円以上20,000円未満","10,000円以上20,000円未満",,,"3,000円以上5,000円未満","立山黒部アルペンルート, 砺波チューリップ公園",持ち帰り（道の駅・スーパーなど）,持ち帰り（道の駅・スーパーなど）,"甘エビ, まだ旅行中のため、今後食べると思われる",甘エビ,大いに満足,大いに満足,大いに満足,,大いに満足,,,・砺波チューリップ公園が展示も含めて素晴らしかった ・立山は観光ボランティアの方まで含めて素晴らしい方だった ・どの方も優しかった,立山は少し海外の方が多すぎ、またその海外の方が少し危険な事をしそうだったので遭難に繋がらないかな、とは不安に感じました,立山荘でいただいたパンは場所もあっておいしく感じました。また、同じ場所で子ども達のエネルギー補給のため買った柿チョコをおいしそうに食べていました。,砺波チューリップ公園、立山,10,機会があれば行きたい,今回はあまり海鮮を食べられなかったのでもっと食べたいと思います,宿泊先,,,,,,,,,,,,,,,
富山,2025/04/28 00:00:00,愛知県,女性,40代,,3: 600〜1000万円,,1泊,富山県以外には宿泊しない,,1泊,,朝食のみ,,,,,,,自家用車,,"自家用車, 徒歩",,,２回目,,,"地元の美味しいものを食べる, 名所、旧跡、寺社仏閣の観光","YOUTUBE, 富山県観光公式サイト「とやま観光ナビ」, テレビ番組",0,0,0,0,0,0,1,0,0,0,0,0,0,0,0,0,0,0,0,0,0,0,0,1,0,ない,,,"5,000円以上10,000円未満","30,000円以上40,000円未満","30,000円以上40,000円未満",,,"10,000円以上20,000円未満","雨晴海岸, 黒部峡谷鉄道, 富山県美術館, 富山市ガラス美術館, 富山城, 富岩運河環水公園",回転寿司店（地元）,駅（売店・自販機など）,"シロエビ, ホタルイカ","シロエビ, ホタルイカ",大いに満足,大いに満足,大いに満足,,大いに満足,,,前回は年末に旅行で来た為観光施設などが休館などで観ることが出来なかったので今回は観光が存分に出来たので満足です。,,白えび、とべーぐる,ガラス美術館、富山城,10,来年もまた行きたい,,宿泊先,,,,,,,,,,,,,,,
富山,2025/04/28 00:00:00,富山県,女性,60代,,1: 300万円未満,,2泊,富山県以外には宿泊しない,,2泊,,夕・朝２食付き,,夕・朝２食付き,,,,,県外から訪れていない（富山県在住）,,自家用車,,満足,３回目,,,"温泉や露天風呂, 地元の美味しいものを食べる","富山県観光公式サイト「とやま観光ナビ」, 口コミ（友人・恋人）",0,0,0,0,0,0,0,0,0,0,0,0,0,0,0,0,0,0,1,0,0,0,0,1,0,ある,新潟県,,使わない,"3,000円以上5,000円未満","20,000円以上30,000円未満",,,使わない,愛本橋,食べていない,食べていない,"シロエビ, ホタルイカ, バイガイ, 牡蠣","ホタルイカ, バイガイ",大いに満足,大いに満足,満足,,大いに満足,,,温泉もよくゆっくり休めた,道に迷った,牡蠣の昆布焼き,道の駅,8,富山県在住,どこでも情報が得られるように発信の仕方を工夫したらいいと思います,宿泊先,,,,,,,,,,,,,,,
富山,2025/04/28 00:00:00,静岡県,女性,60代,,2: 300〜599万円,,2泊,富山県以外には宿泊しない,,2泊,,食事なし（素泊まり）,,食事なし（素泊まり）,,,,,自家用車,,"自家用車, 新幹線",,満足,５回目,,,地元の美味しいものを食べる,"Instagram, 富山県内市町村の観光公式サイト, テレビ番組",0,0,0,1,0,0,0,0,0,0,0,0,0,0,0,0,0,0,0,0,0,0,0,1,0,ない,,,"3,000円以上5,000円未満","10,000円以上20,000円未満","10,000円以上20,000円未満",,,使わない,"国宝 高岡山瑞龍寺, 新湊きっときと市場, 高岡大仏, 富岩運河環水公園",回転寿司店（チェーン店）,食べていない,"ブリ, フクラギ（イナダ、ハマチ）, 紅ズワイガニ, 甘エビ","フクラギ（イナダ、ハマチ）, 紅ズワイガニ, 甘エビ",大いに満足,満足,普通,,満足,,,美味しい海の幸をたくさん食べれた,なし,寿司,なし,10,来年もまた行きたい,,高岡市,,,,,,,,,,,,,,,
富山,2025/04/28 00:00:00,愛知県,男性,40代,,2: 300〜599万円,,1泊,富山県以外には宿泊しない,,1泊,,朝食のみ,,,,,,,自家用車,,"自家用車, 徒歩",,,３回目,,,"地元の美味しいものを食べる, 名所、旧跡、寺社仏閣の観光, 文化施設の見学・体験（美術館・博物館など）","X（旧Twitter）, YOUTUBE, 富山県内市町村の観光公式サイト, 富山県観光公式のパンフレット, 雑誌の特集記事, 旅行ガイドブック",0,0,0,0,0,1,1,0,0,0,0,0,0,0,0,0,1,0,0,0,0,0,0,1,0,ある,"石川県, 福井県, 静岡県",,"50,000円以上100,000円未満","10,000円以上20,000円未満","10,000円以上20,000円未満",,,"5,000円以上10,000円未満","雨晴海岸, 海王丸パーク, 富山県美術館, 富山市ガラス美術館, 富山城, 富岩運河環水公園",食べていない,食べていない,食べていない,食べていない,大いに満足,満足,普通,,満足,,,綺麗な美術館と歴史を知ることが出来た,路面電車との兼ね合いや信号などの判断が難しいからもう少し分かりやすく標識などが有ると有り難いです,とベーグル　石谷もちやの団子,,9,機会があれば行きたい,,宿泊先,,,,,,,,,,,,,,,
富山,2025/04/28 00:00:00,東京都,女性,60代,,4: 1000〜2000万円,,2泊,富山県以外には宿泊しない,,2泊,,朝食のみ,,夕・朝２食付き,,,,,新幹線,,レンタカー,,大いに満足,１０回目以上,,,"友人・親戚を訪ねる,","宿泊予約Webサイト,, 口コミ（家族）",0,0,0,0,0,0,0,0,0,0,0,0,1,0,0,0,0,0,0,0,0,0,0,0,0,ない,,,"20,000円以上30,000円未満","30,000円以上40,000円未満","40,000円以上50,000円未満",,,"5,000円以上10,000円未満","砺波チューリップ公園, 富山県美術館",専門店,専門店,"ブリ, シロエビ, 甘エビ","ブリ, シロエビ",大いに満足,大いに満足,満足,,大いに満足,,,何度も訪れ安心できる宿だからです,ゴールデンウィークのせいか、駅前の混雑度がすごかった,海鮮,両親の世話ができた,10,来年もまた行きたい,インバウンドが多すぎないところが良い,宿泊先,,,,,,,,,,,,,,,
富山,2025/04/28 00:00:00,東京都,男性,60代,,4: 1000〜2000万円,,2泊,富山県以外には宿泊しない,,2泊,,朝食のみ,,夕・朝２食付き,,,,,新幹線,,レンタカー,,満足,１０回目以上,,,介護,"富山県観光公式サイト「とやま観光ナビ」, 旅行会社のパンフレット",0,0,0,0,0,0,0,0,0,0,0,0,0,0,0,0,0,1,0,0,0,0,0,1,0,ない,,,"30,000円以上40,000円未満","20,000円以上30,000円未満","40,000円以上50,000円未満",,,"20,000円以上30,000円未満",砺波チューリップ公園,回転寿司店（地元）,専門店,"ブリ, ホタルイカ",ブリ,満足,満足,満足,,満足,,,美味しい,なし,刺身,氷見,8,来年もまた行きたい,素晴らしい,宿泊先,,,,,,,,,,,,,,,
富山,2025/04/28 00:00:00,東京都,女性,60代,,4: 1000〜2000万円,,2泊,富山県以外には宿泊しない,,富山県内には宿泊しない,,,,,,,,,"レンタカー, 新幹線",,レンタカー,,満足,１０回目以上,,,"宿でのんびり過ごす, 友人・親戚を訪ねる","宿泊施設のウェブサイト, 口コミ（家族）",0,0,0,0,0,0,0,0,0,0,0,0,0,1,0,0,0,0,0,0,0,0,0,0,0,ない,,,"20,000円以上30,000円未満","20,000円以上30,000円未満","40,000円以上50,000円未満",,,"20,000円以上30,000円未満",砺波チューリップ公園,専門店,専門店,"ブリ, シロエビ, 甘エビ",ブリ,大いに満足,大いに満足,大いに満足,,大いに満足,,,両親に親孝行できた,駅前の混雑具合,海鮮,立山連峰の景色,10,来年もまた行きたい,インバウンドが多すぎないところが良い,宿泊先,,,,,,,,,,,,,,,
富山,2025/04/28 00:00:00,東京都,男性,60代,,4: 1000〜2000万円,,2泊,富山県以外には宿泊しない,,2泊,,朝食のみ,,夕・朝２食付き,,,,,新幹線,,レンタカー,,満足,１０回目以上,,,"温泉や露天風呂, 地元の美味しいものを食べる","富山県観光公式サイト「とやま観光ナビ」, 富山県観光公式のパンフレット",0,0,0,0,0,0,0,0,0,0,0,0,0,0,0,0,0,0,0,0,0,0,0,1,0,ない,,,"20,000円以上30,000円未満","20,000円以上30,000円未満","30,000円以上40,000円未満",,,"10,000円以上20,000円未満",砺波チューリップ公園,居酒屋・レストラン（地元）,持ち帰り（道の駅・スーパーなど）,"ブリ, シロエビ, ホタルイカ",ブリ,満足,満足,普通,,満足,,,美味,なし,刺身,氷見,8,来年もまた行きたい,素晴らしい,宿泊先,,,,,,,,,,,,,,,
富山,2025/04/28 00:00:00,岐阜県,女性,60代,,1: 300万円未満,,1泊,富山県以外には宿泊しない,,1泊,,夕・朝２食付き,,,,,,,"新幹線, 在来線",,"在来線・私鉄・路面電車, 路線バス",,不満,１回目,,,"温泉や露天風呂, 地元の美味しいものを食べる, 花見や紅葉などの自然鑑賞, テーマパーク（遊園地、動物園、水族館など）","宿泊予約Webサイト, 旅行ガイドブック",0,0,0,0,0,0,0,0,0,0,0,0,1,0,0,0,1,0,0,0,0,0,0,0,0,ない,,,"1,000円以上3,000円未満","5,000円以上10,000円未満","40,000円以上50,000円未満",,,"1,000円以上3,000円未満",砺波チューリップ公園,食べていない,食べていない,"紅ズワイガニ, シロエビ, ホタルイカ",どれにも感動していない,満足,満足,満足,,満足,,,チューリップが満開だったので,乗り継ぎが非常に不便,富山コシヒカリ米,砺波チューリップ公園,5,機会があれば行きたい,旅館は建物やお料理が個性的で良かった,朝日町,,,,,,,,,,,,,,,
富山,2025/04/28 00:00:00,東京都,女性,60代,,4: 1000〜2000万円,,1泊,新潟県,,1泊,,夕・朝２食付き,,,,,,,自家用車,,自家用車,,大いに満足,２回目,,,"温泉や露天風呂, 地元の美味しいものを食べる, 花見や紅葉などの自然鑑賞, お祭りやイベントへの参加・見物","富山県観光公式サイト「とやま観光ナビ」, 宿泊施設のウェブサイト, 口コミ（家族）",0,0,0,0,0,0,0,0,0,0,0,0,0,1,0,0,0,0,0,0,0,0,0,1,0,ある,"石川県, 長野県",,"20,000円以上30,000円未満","3,000円以上5,000円未満","10,000円以上20,000円未満",,,"3,000円以上5,000円未満","あさひ舟川「春の四重奏」, 五箇山, 新湊きっときと市場, 砺波チューリップ公園, 富山市ガラス美術館",持ち帰り（道の駅・スーパーなど）,持ち帰り（道の駅・スーパーなど）,"シロエビ, 甘エビ, ホタルイカ, ヒラメ、ヒラマサマグロ","シロエビ, ホタルイカ",大いに満足,大いに満足,大いに満足,,大いに満足,,,チュ—リップの由来や由緒に関する情報展示を満喫。生チュ—リップの多くの品種の展示。,氷見市内のア—ケ—ドの寂れ具合にがっかりした。,ノドグロの塩焼き,砺波チュ—リップ公園,8,来年もまた行きたい,道の駅の閉店時間が18時は早すぎる,宿泊先,,,,,,,,,,,,,,,
富山,2025/04/28 00:00:00,大阪府,女性,50代,,6: 無回答,,4泊以上,富山県以外には宿泊しない,,4泊以上,,食事なし（素泊まり）,,食事なし（素泊まり）,,食事なし（素泊まり）,,食事なし（素泊まり）,自家用車,,自家用車,,,１回目,,,友人・親戚を訪ねる,"宿泊施設のウェブサイト, 口コミ（友人・恋人）",0,0,0,0,0,0,0,0,0,0,0,0,0,1,0,0,0,0,1,0,0,0,0,0,0,ない,,,"40,000円以上50,000円未満","30,000円以上40,000円未満",使わない,,,"1,000円未満",氷見,食べていない,食べていない,"ブリ, シロエビ, 甘エビ, ホタルイカ, バイガイ, あじ",あじ,大いに満足,満足,満足,,満足,,,天候にもほぼ恵まれた,特に無し,お刺身,氷見,9,機会があれば行きたい,臨機応変さ,氷見市,,,,,,,,,,,,,,,
富山,2025/04/28 00:00:00,岡山県,女性,20代,,2: 300〜599万円,,4泊以上,福井県,,1泊,,食事なし（素泊まり）,,,,,,,自家用車,,自家用車,,,１回目,,,"地元の美味しいものを食べる, 文化施設の見学・体験（美術館・博物館など）, テーマパーク（遊園地、動物園、水族館など）","富山県観光公式サイト「とやま観光ナビ」, 富山県内市町村の観光公式サイト, 富山県観光公式のパンフレット",0,0,0,0,0,0,0,0,0,0,0,0,0,0,0,0,0,0,0,0,0,0,0,1,0,ない,,,"30,000円以上40,000円未満","10,000円以上20,000円未満","5,000円以上10,000円未満",,,"10,000円以上20,000円未満","海王丸パーク, 新湊きっときと市場, 砺波チューリップ公園",居酒屋・レストラン（地元）,居酒屋・レストラン（地元）,"ブリ, シロエビ, 甘エビ","ブリ, シロエビ",大いに満足,満足,満足,,大いに満足,,,チューリップまつりが大満足だった,,海鮮丼,砺波チューリップまつり,10,機会があれば行きたい,,高岡市,,,,,,,,,,,,,,,
富山,2025/04/28 00:00:00,岡山県,男性,30代,,2: 300〜599万円,,4泊以上,福井県,,1泊,,食事なし（素泊まり）,,,,,,,自家用車,,自家用車,,,２回目,,,"地元の美味しいものを食べる, テーマパーク（遊園地、動物園、水族館など）, お祭りやイベントへの参加・見物","デジタルニュース, 雑誌の特集記事, 旅行ガイドブック",0,0,0,0,0,0,0,0,0,0,0,0,0,0,0,0,1,0,0,0,0,0,0,0,0,ある,長野県,,"5,000円以上10,000円未満","5,000円以上10,000円未満","3,000円以上5,000円未満",,,"1,000円以上3,000円未満","雨晴海岸, 海王丸パーク, 砺波チューリップ公園",食べていない,食べていない,シロエビ,シロエビ,大いに満足,満足,普通,,大いに満足,,,海産物が美味かったから。思ってたほど値段が高くなかったため。,北陸道から高岡市内が結構遠かった。能越道があったからまだ良かったが、下道やと大変やと思った。,富山ブラック、海鮮丼,富山ファミリーパーク、となみチューリップ公園、高岡古城動物園、藤子・F・不二雄ふるさとギャラリー,8,来年もまた行きたい,富山は温泉のイメージがない。 隣の石川が強すぎるのか、もともと富山に温泉がないのか知らないが、もし温泉があるならもっと宣伝してほしい。富山と言えば海鮮、チューリップ、立山黒部が誰でもでてくるが、その他をもっとアピールしてもいいかと思う。,高岡市,,,,,,,,,,,,,,,
富山,2025/04/28 00:00:00,福井県,男性,40代,,3: 600〜1000万円,,4泊以上,富山県以外には宿泊しない,,4泊以上,,食事なし（素泊まり）,,食事なし（素泊まり）,,食事なし（素泊まり）,,食事なし（素泊まり）,自家用車,,自家用車,,,１回目,,,"スキルアップや視野を広げるための研修・セミナーに参加する, 出張など仕事関係","宿泊予約Webサイト, 口コミ（同僚・同級生）",0,0,0,0,0,0,0,0,0,0,0,0,1,0,0,0,0,0,0,0,0,0,0,0,0,ない,,,"20,000円以上30,000円未満","20,000円以上30,000円未満","30,000円以上40,000円未満",,,使わない,"富山城, 海の駅",持ち帰り（道の駅・スーパーなど）,食べていない,"甘エビ, バイガイ",バイガイ,大いに満足,大いに満足,大いに満足,,大いに満足,,,ストレスなし,,五半屋さんの美味しくリーズナブルなメニュー,,10,来年もまた行きたい,海産物をとにかく食べたい,宿泊先,,,,,,,,,,,,,,,
富山,2025/04/29 00:00:00,富山県,女性,40代,,3: 600〜1000万円,,1泊,富山県以外には宿泊しない,,1泊,,夕・朝２食付き,,,,,,,県外から訪れていない（富山県在住）,,自家用車,,,１０回目以上,,,宿でのんびり過ごす,"まとめサイト, 旅行ガイドブック",0,0,0,0,0,0,0,0,0,1,0,0,0,0,0,0,1,0,0,0,0,0,0,0,0,ある,石川県,,"1,000円未満","5,000円以上10,000円未満","10,000円以上20,000円未満",,,使わない,観光しない,食べていない,食べていない,食べていない,食べていない,満足,満足,普通,,普通,,,,,,,7,富山県在住,,高岡市,,,,,,,,,,,,,,,
富山,2025/04/29 00:00:00,愛知県,女性,50代,,4: 1000〜2000万円,,3泊,岐阜県,,1泊,,夕・朝２食付き,,,,,,,自家用車,,自家用車,,,５回目,,,"宿でのんびり過ごす, 地元の美味しいものを食べる","宿泊予約Webサイト, 特に無し",0,0,0,0,0,0,0,0,0,0,0,0,1,0,0,0,0,0,0,0,0,0,0,0,0,ない,,,使わない,"5,000円以上10,000円未満","20,000円以上30,000円未満",,,"1,000円以上3,000円未満","新湊大橋, ほたるいかミュージアム",回転寿司店（地元）,食べていない,"シロエビ, 甘エビ, ホタルイカ, バイガイ","シロエビ, ホタルイカ",大いに満足,大いに満足,普通,,満足,,,食事は美味しいし、富山の雰囲気が好きだから,食べたいものがありすぎて、選択に困ること。贅沢ですが。,海鮮です。ホタルイカは地元にも売ってますが、全然違う。,息子が富山大学に通っていて、今回顔を見るついでに家族で旅行しています。質問の意図とは外れると思いますが息子の元気な顔が見られたことです。,10,来年もまた行きたい,美味しい海鮮を食べて、温泉につかることです。,宿泊先,,,,,,,,,,,,,,,
富山,2025/04/29 00:00:00,石川県,女性,70代,,1: 300万円未満,,1泊,石川県,,1泊,,夕・朝２食付き,,,,,,,自家用車,,自家用車,,満足,２回目,,,温泉や露天風呂,"富山県観光公式サイト「とやま観光ナビ」, 観光展・物産展",0,0,0,0,0,0,0,0,0,0,0,0,0,0,0,0,0,0,0,0,0,0,1,1,0,ある,福井県,,"5,000円以上10,000円未満","5,000円以上10,000円未満","20,000円以上30,000円未満",,,"3,000円以上5,000円未満","砺波チューリップ公園,",食べていない,食べていない,"シロエビ, ホタルイカ","シロエビ, ホタルイカ",大いに満足,大いに満足,大いに満足,,大いに満足,,,,,,,10,来年もまた行きたい,,宿泊先,,,,,,,,,,,,,,,
富山,2025/04/29 00:00:00,愛知県,男性,60代,,4: 1000〜2000万円,,1泊,富山県以外には宿泊しない,,1泊,,夕・朝２食付き,,,,,,,自家用車,,自家用車,,,４回目,,,"温泉や露天風呂, 地元の美味しいものを食べる","Facebook, 富山県観光公式サイト「とやま観光ナビ」, 観光展・物産展, 雑誌の特集記事",1,0,0,0,0,0,0,0,0,0,0,0,0,0,0,0,1,0,0,0,0,0,1,1,0,ない,,,"30,000円以上40,000円未満","10,000円以上20,000円未満","10,000円以上20,000円未満",,,"5,000円以上10,000円未満","雨晴海岸, 砺波チューリップ公園",食べていない,持ち帰り（道の駅・スーパーなど）,"ブリ, シロエビ, 甘エビ, ホタルイカ, ゲンゲ, ノドグロ","ブリ, ホタルイカ",満足,満足,満足,,満足,,,訪れた造り酒屋の話がたのしく、試飲しながら良いお酒がえらべた。夕食か美味しいかった,高速道路の無料、有料区間がわかりにくい,試飲したお酒,砺波チューリップ園,10,機会があれば行きたい,せっかく富山に日本酒がたくさんあるのに、宿で出てきた日本酒の種類が少なく、自分の好みではなかった,宿泊先,,,,,,,,,,,,,,,
富山,2025/04/29 00:00:00,愛知県,女性,60代,,3: 600〜1000万円,,1泊,富山県以外には宿泊しない,,1泊,,夕・朝２食付き,,,,,,,自家用車,,自家用車,,,３回目,,,"温泉や露天風呂, 地元の美味しいものを食べる, 花見や紅葉などの自然鑑賞, アウトドア（海水浴、釣り、登山など）","富山県観光公式サイト「とやま観光ナビ」, 富山県内市町村の観光公式サイト, 富山県観光公式のパンフレット",0,0,0,0,0,0,0,0,0,0,0,0,0,0,0,0,0,0,0,0,0,0,0,1,0,ない,,,使わない,"10,000円以上20,000円未満","20,000円以上30,000円未満",,,"1,000円以上3,000円未満","海王丸パーク, 新湊きっときと市場, 砺波チューリップ公園",食べていない,持ち帰り（道の駅・スーパーなど）,"ブリ, シロエビ, 甘エビ, ホタルイカ, ゲンゲ, バイガイ, ウニ　たい　ふぐ　まぐろ　かます","ブリ, シロエビ, 甘エビ, ホタルイカ, ゲンゲ, バイガイ, マグロの昆布締め",大いに満足,大いに満足,大いに満足,,大いに満足,,,魚がおいしい‼️お酒がすすみまました‼️ 富山側からみる立山、北アルプスが迫力があります‼️チューリップも素敵です,特になし,ホタルイカのしゃぶしゃぶ、マグロの昆布締め,砺波のチューリップ園,10,来年もまた行きたい,,宿泊先,,,,,,,,,,,,,,,
富山,2025/04/29 00:00:00,石川県,女性,50代,,4: 1000〜2000万円,,1泊,神戸,,1泊,,夕・朝２食付き,,,,,,,自家用車,,自家用車,,,１回目,,,"宿でのんびり過ごす, 温泉や露天風呂","宿泊予約Webサイト, 旅行ガイドブック",0,0,0,0,0,0,0,0,0,0,0,0,1,0,0,0,1,0,0,0,0,0,0,0,0,ない,,,"20,000円以上30,000円未満","10,000円以上20,000円未満","100,000円以上",,,"10,000円以上20,000円未満","五箇山, 新湊きっときと市場, 砺波チューリップ公園",食べていない,食べていない,"シロエビ, ホタルイカ",ホタルイカ,大いに満足,大いに満足,普通,,大いに満足,,,家族の誕生日お祝いを兼ねての旅行だったので,,ホタルイカ,,10,機会があれば行きたい,,宿泊先,,,,,,,,,,,,,,,
富山,2025/04/29 00:00:00,富山県,男性,60代,,3: 600〜1000万円,,1泊,富山県以外には宿泊しない,,1泊,,夕・朝２食付き,,,,,,,県外から訪れていない（富山県在住）,,"自家用車, 徒歩",,普通,１０回目以上,,,"宿でのんびり過ごす, 温泉や露天風呂, 地元の美味しいものを食べる","宿泊予約Webサイト, 旅行ガイドブック",0,0,0,0,0,0,0,0,0,0,0,0,1,0,0,0,1,0,0,0,0,0,0,0,0,ない,,,使わない,"1,000円以上3,000円未満","10,000円以上20,000円未満",,,"1,000円以上3,000円未満","五箇山, 庄川峡遊覧船",食べていない,食べていない,"ブリ, ホタルイカ","ブリ, ホタルイカ",大いに満足,大いに満足,普通,,普通,,,何回も来てる為,,ホタルイカ,相倉合掌集落,10,富山県在住,,砺波市,,,,,,,,,,,,,,,
富山,2025/04/29 00:00:00,富山県,男性,50代,,3: 600〜1000万円,,1泊,富山県以外には宿泊しない,,1泊,,夕・朝２食付き,,,,,,,県外から訪れていない（富山県在住）,,自家用車,,,１０回目以上,,,"宿でのんびり過ごす, 温泉や露天風呂, 地元の美味しいものを食べる","宿泊施設のウェブサイト, 口コミ（家族）",0,0,0,0,0,0,0,0,0,0,0,0,0,1,0,0,0,0,0,0,0,0,0,0,0,ない,,,"40,000円以上50,000円未満","5,000円以上10,000円未満","10,000円以上20,000円未満",,,使わない,雨晴海岸,食べていない,食べていない,フクラギ（イナダ、ハマチ）,フクラギ（イナダ、ハマチ）,普通,普通,普通,,普通,,,,,,,5,富山県在住,,氷見市,,,,,,,,,,,,,,,
富山,2025/04/29 00:00:00,富山県,女性,50代,,6: 無回答,,1泊,富山県以外には宿泊しない,,1泊,,夕・朝２食付き,,,,,,,県外から訪れていない（富山県在住）,,自家用車,,,１回目,,,"宿でのんびり過ごす, 温泉や露天風呂, 地元の美味しいものを食べる","知人の紹介, 口コミ（家族）",0,0,0,0,0,0,0,0,0,0,0,0,0,0,0,0,0,0,1,0,0,0,0,0,0,ない,,,"30,000円以上40,000円未満","10,000円以上20,000円未満","30,000円以上40,000円未満",,,使わない,石川県へ,食べていない,食べていない,鰆,どれにも感動していない,普通,普通,普通,,普通,,,お風呂が気持ちよかったふ,,,,6,来年もまた行きたい,,宿泊先,,,,,,,,,,,,,,,
富山,2025/04/29 00:00:00,東京都,女性,50代,,4: 1000〜2000万円,,2泊,富山県以外には宿泊しない,,2泊,,食事なし（素泊まり）,,食事なし（素泊まり）,,,,,飛行機,,"レンタカー, 路線バス",,満足,５回目,,,地元の美味しいものを食べる,"Google, 口コミ（家族）",0,1,0,0,0,0,0,0,0,0,0,0,0,0,0,0,0,0,0,0,0,0,0,0,0,ない,,,"50,000円以上100,000円未満","30,000円以上40,000円未満","20,000円以上30,000円未満",,,"1,000円未満",立山黒部アルペンルート,専門店,食べていない,"ブリ, 紅ズワイガニ, シロエビ, 甘エビ, ホタルイカ, あゆ、ふぐ白子","ブリ, 紅ズワイガニ, シロエビ, ふぐ白子",大いに満足,大いに満足,大いに満足,,大いに満足,,,美味しいものが食べられた,,マフグ白子,,10,来年もまた行きたい,旬のものを季節ごとに味わいたい,富山市,,,,,,,,,,,,,,,
